nist_control_id,cmmc_l2_control_id,nist_family_code,nist_family_full_name,control_title,sprs_weight_1_3_5,sprs_family_per_dod_table,control_bin_pure_technical_pure_governance_hybrid_technical_hybrid_governance,is_hybrid_bin_yes_no,likely_na_boundary_questionnaire_yes_no,os_evidence_lane_collect_cui_evidence_v2_yes_no,os_support_level_STRONG_PARTIAL_na,os_evidence_files_pipe_separated,os_collector_note,azure_fedramp_pe_inheritance_lane_3_10_1_to_3_10_5_yes_no,azure_entra_seven_ui_lane_yes_no,cloud_lane_classification,governance_document_emphasis_heavy_or_ssp_reference,operational_register_ids_pipe_separated,operational_register_entries_required_yes_no,operational_register_cadence_hints_semicolon_separated,intelligence_disposition,intelligence_evidence_lanes_pipe,intelligence_cadence_type,intelligence_policy_doc_required_yes_no,intelligence_register_required_yes_no,intelligence_register_schema_id,intelligence_c3pao_examiner_note,intelligence_conmon_trigger,intelligence_na_rationale,validation_profile_codes_V_Z_C_D_E,validation_summary_for_cmm_c_platform,source_notes
3.1.1,AC.L2-3.1.1,AC,Access Control,"Limit system access to authorized users, processes, devices",3,Access Control,pure_technical,no,no,yes,STRONG,policy/local-accounts.txt|policy/local-groups.txt|policy/secpol.cfg,Collect-Cui-Evidence-v2.ps1 bundle paths; validate_windows_server_hardening.py for OS 73 manifest alignment,no,no,none,ssp_reference_primary,access_authorization|termination,yes,"access_authorization=Per request + periodic access reviews (e.g., quarterly); termination=Per offboarding event (same-day recommended)",implemented,OS_collector,continuous,no,yes,access_authorization,"Examiner will request the authorized user list and ask how access is granted, reviewed, and revoked. Will check that every account in the system appears on the register.",New account created outside normal provisioning process,,V+E,Windows collector + validator (event-driven; schedule per org) · Operational registers per cadence_hint in cmmc_l2_register_evidence_map,control_bin: control-bins.ts; os: os-evidence-nist-manifest.json; registers: cmmc_l2_register_evidence_map.v1.json; intel: control-intelligence.ts; titles: src/data/cmmc/nist_sp_800_171_control_titles.json + vault lineage
3.1.2,AC.L2-3.1.2,AC,Access Control,Limit access to types of transactions and functions,3,Access Control,pure_technical,no,no,yes,STRONG,apps/applocker-policy.txt,Collect-Cui-Evidence-v2.ps1 bundle paths; validate_windows_server_hardening.py for OS 73 manifest alignment,no,no,none,ssp_reference_primary,access_authorization|termination,yes,"access_authorization=Per request + periodic access reviews (e.g., quarterly); termination=Per offboarding event (same-day recommended)",implemented,OS_collector,continuous,no,no,,Examiner will test: can a standard user install software? Access admin shares? Run PowerShell as admin? Will check GPO for AppLocker and UAC.,Standard user granted admin rights,,V+E,Windows collector + validator (event-driven; schedule per org) · Operational registers per cadence_hint in cmmc_l2_register_evidence_map,control_bin: control-bins.ts; os: os-evidence-nist-manifest.json; registers: cmmc_l2_register_evidence_map.v1.json; intel: control-intelligence.ts; titles: src/data/cmmc/nist_sp_800_171_control_titles.json + vault lineage
3.1.3,AC.L2-3.1.3,AC,Access Control,Control the flow of CUI,5,Access Control,pure_technical,no,no,yes,STRONG,network/firewall-rules-summary.txt|network/listening-ports.txt|policy/secpol.cfg,Collect-Cui-Evidence-v2.ps1 bundle paths; validate_windows_server_hardening.py for OS 73 manifest alignment,no,no,none,ssp_reference_primary,control_monitoring,yes,control_monitoring=Weekly/monthly attestations + automated checks,implemented,OS_collector,continuous,no,no,,Examiner will look at firewall rules and ask: can CUI flow to an unauthorized destination? Will check SMB signing and TLS version.,New firewall rule allows outbound CUI traffic to unapproved destination,,V+E,Windows collector + validator (event-driven; schedule per org) · Operational registers per cadence_hint in cmmc_l2_register_evidence_map,control_bin: control-bins.ts; os: os-evidence-nist-manifest.json; registers: cmmc_l2_register_evidence_map.v1.json; intel: control-intelligence.ts; titles: src/data/cmmc/nist_sp_800_171_control_titles.json + vault lineage
3.1.4,AC.L2-3.1.4,AC,Access Control,Separate duties of individuals,1,Access Control,pure_governance,no,no,no,n/a,,Not in enclave OS manifest (37 controls) — use other lanes,no,no,none,governance_package_heavy,role_assignment_matrix|sod_matrix,yes,role_assignment_matrix=Update on role changes; review quarterly; sod_matrix=Update on role/process changes; review annually,partial,OS_collector|Governance_manifest,annual,yes,yes,sod_matrix,Examiner will ask: who approves admin account creation? Can the person who creates accounts also approve their own access? Wants to see documented roles.,Admin approves their own access or policy document not reviewed,,D+E,Policies / procedures / SSP governance (policy_review register) · Operational registers per cadence_hint in cmmc_l2_register_evidence_map,control_bin: control-bins.ts; registers: cmmc_l2_register_evidence_map.v1.json; intel: control-intelligence.ts; titles: src/data/cmmc/nist_sp_800_171_control_titles.json + vault lineage
3.1.5,AC.L2-3.1.5,AC,Access Control,Employ least privilege,5,Access Control,pure_technical,no,no,yes,STRONG,policy/local-groups.txt|policy/local-accounts.txt|policy/user-rights-assignments.txt,Collect-Cui-Evidence-v2.ps1 bundle paths; validate_windows_server_hardening.py for OS 73 manifest alignment,no,no,none,ssp_reference_primary,access_authorization|role_assignment_matrix|termination,yes,"access_authorization=Per request + periodic access reviews (e.g., quarterly); role_assignment_matrix=Update on role changes; review quarterly; termination=Per offboarding event (same-day recommended)",implemented,OS_collector,continuous,no,yes,access_authorization,Examiner will ask for evidence of least privilege. Will check: do standard users have local admin? Is there a process to request elevated access? Are PIM audit logs reviewed?,PIM audit log shows elevated access not reviewed within 30 days,,V+E,Windows collector + validator (event-driven; schedule per org) · Operational registers per cadence_hint in cmmc_l2_register_evidence_map,control_bin: control-bins.ts; os: os-evidence-nist-manifest.json; registers: cmmc_l2_register_evidence_map.v1.json; intel: control-intelligence.ts; titles: src/data/cmmc/nist_sp_800_171_control_titles.json + vault lineage
3.1.6,AC.L2-3.1.6,AC,Access Control,Use non-privileged accounts for non-privileged activities,3,Access Control,pure_technical,no,no,yes,STRONG,policy/local-accounts.txt|policy/local-admins.txt|policy/user-rights-assignments.txt,Collect-Cui-Evidence-v2.ps1 bundle paths; validate_windows_server_hardening.py for OS 73 manifest alignment,no,no,none,ssp_reference_primary,access_authorization|termination,yes,"access_authorization=Per request + periodic access reviews (e.g., quarterly); termination=Per offboarding event (same-day recommended)",implemented,OS_collector|Governance_manifest,annual,yes,no,,Examiner will check: does the admin user also have a standard account? Are admin accounts used for email? Will ask admins directly.,Admin found using privileged account for standard tasks,,V+E,Windows collector + validator (event-driven; schedule per org) · Operational registers per cadence_hint in cmmc_l2_register_evidence_map,control_bin: control-bins.ts; os: os-evidence-nist-manifest.json; registers: cmmc_l2_register_evidence_map.v1.json; intel: control-intelligence.ts; titles: src/data/cmmc/nist_sp_800_171_control_titles.json + vault lineage
3.1.7,AC.L2-3.1.7,AC,Access Control,Prevent non-privileged users from executing privileged functions,3,Access Control,pure_technical,no,no,yes,STRONG,policy/secpol.cfg|policy/user-rights-assignments.txt,Collect-Cui-Evidence-v2.ps1 bundle paths; validate_windows_server_hardening.py for OS 73 manifest alignment,no,no,none,ssp_reference_primary,access_authorization|termination,yes,"access_authorization=Per request + periodic access reviews (e.g., quarterly); termination=Per offboarding event (same-day recommended)",implemented,OS_collector,continuous,no,yes,audit_log_review,"Examiner will ask to see evidence that privileged activity is being reviewed, not just logged. Will ask: when was the last review? What did you find?",Audit review not performed in the required period,,V+E,Windows collector + validator (event-driven; schedule per org) · Operational registers per cadence_hint in cmmc_l2_register_evidence_map,control_bin: control-bins.ts; os: os-evidence-nist-manifest.json; registers: cmmc_l2_register_evidence_map.v1.json; intel: control-intelligence.ts; titles: src/data/cmmc/nist_sp_800_171_control_titles.json + vault lineage
3.1.8,AC.L2-3.1.8,AC,Access Control,Limit unsuccessful logon attempts,3,Access Control,pure_technical,no,no,yes,STRONG,policy/account-policy.txt|policy/secpol.cfg,Collect-Cui-Evidence-v2.ps1 bundle paths; validate_windows_server_hardening.py for OS 73 manifest alignment,no,no,none,ssp_reference_primary,control_monitoring,yes,control_monitoring=Weekly/monthly attestations + automated checks,implemented,OS_collector,continuous,no,no,,Examiner will check account lockout threshold and duration values. Will test by attempting failed logins if permitted.,Lockout policy GPO settings changed to less restrictive values,,V+E,Windows collector + validator (event-driven; schedule per org) · Operational registers per cadence_hint in cmmc_l2_register_evidence_map,control_bin: control-bins.ts; os: os-evidence-nist-manifest.json; registers: cmmc_l2_register_evidence_map.v1.json; intel: control-intelligence.ts; titles: src/data/cmmc/nist_sp_800_171_control_titles.json + vault lineage
3.1.9,AC.L2-3.1.9,AC,Access Control,Display privacy and security notices,1,Access Control,pure_technical,no,no,yes,STRONG,policy/interactive-logon-notice.txt|policy/auth-ux-policy.txt,Collect-Cui-Evidence-v2.ps1 bundle paths; validate_windows_server_hardening.py for OS 73 manifest alignment,no,no,none,ssp_reference_primary,control_monitoring,yes,control_monitoring=Weekly/monthly attestations + automated checks,implemented,OS_collector,continuous,no,no,,Examiner will log into a system and verify the banner appears before credentials are entered. Will check the banner text includes CUI handling notice.,Logon banner GPO removed or text changed,,V+E,Windows collector + validator (event-driven; schedule per org) · Operational registers per cadence_hint in cmmc_l2_register_evidence_map,control_bin: control-bins.ts; os: os-evidence-nist-manifest.json; registers: cmmc_l2_register_evidence_map.v1.json; intel: control-intelligence.ts; titles: src/data/cmmc/nist_sp_800_171_control_titles.json + vault lineage
3.1.10,AC.L2-3.1.10,AC,Access Control,Use session lock after inactivity period,1,Access Control,pure_technical,no,no,yes,STRONG,policy/secpol.cfg|policy/rsop.xml|policy/machine-inactivity-limit.txt|policy/screensaver-policy.txt,Collect-Cui-Evidence-v2.ps1 bundle paths; validate_windows_server_hardening.py for OS 73 manifest alignment,no,no,none,ssp_reference_primary,control_monitoring,yes,control_monitoring=Weekly/monthly attestations + automated checks,implemented,OS_collector,continuous,no,no,,Examiner will check the GPO value and may physically test by leaving a session idle.,Screen saver timeout GPO changed to longer period or disabled,,V+E,Windows collector + validator (event-driven; schedule per org) · Operational registers per cadence_hint in cmmc_l2_register_evidence_map,control_bin: control-bins.ts; os: os-evidence-nist-manifest.json; registers: cmmc_l2_register_evidence_map.v1.json; intel: control-intelligence.ts; titles: src/data/cmmc/nist_sp_800_171_control_titles.json + vault lineage
3.1.11,AC.L2-3.1.11,AC,Access Control,Terminate sessions after defined conditions,1,Access Control,pure_technical,no,no,yes,STRONG,network/firewall-rules-summary.txt|network/listening-ports.txt|policy/secpol.cfg,Collect-Cui-Evidence-v2.ps1 bundle paths; validate_windows_server_hardening.py for OS 73 manifest alignment,no,no,none,ssp_reference_primary,control_monitoring,yes,control_monitoring=Weekly/monthly attestations + automated checks,implemented,OS_collector|Governance_manifest,annual,yes,no,,Examiner will check RDP session timeout GPO and ask about disconnected vs logged-off session handling.,RDP session timeout removed or set to unlimited,,V+E,Windows collector + validator (event-driven; schedule per org) · Operational registers per cadence_hint in cmmc_l2_register_evidence_map,control_bin: control-bins.ts; os: os-evidence-nist-manifest.json; registers: cmmc_l2_register_evidence_map.v1.json; intel: control-intelligence.ts; titles: src/data/cmmc/nist_sp_800_171_control_titles.json + vault lineage
3.1.12,AC.L2-3.1.12,AC,Access Control,Monitor and control remote access sessions,5,Access Control,pure_technical,no,no,yes,STRONG,audit/auditpol.txt|network/rdp-policy.txt|network/listening-ports.txt,Collect-Cui-Evidence-v2.ps1 bundle paths; validate_windows_server_hardening.py for OS 73 manifest alignment,no,no,none,ssp_reference_primary,control_monitoring,yes,control_monitoring=Weekly/monthly attestations + automated checks,implemented,OS_collector|Governance_manifest,annual,yes,yes,audit_log_review,Examiner will ask: how do you know who is accessing systems remotely? Can you show me the last 30 days of remote access logs?,Remote access log shows unapproved or unknown connection,,V+E,Windows collector + validator (event-driven; schedule per org) · Operational registers per cadence_hint in cmmc_l2_register_evidence_map,control_bin: control-bins.ts; os: os-evidence-nist-manifest.json; registers: cmmc_l2_register_evidence_map.v1.json; intel: control-intelligence.ts; titles: src/data/cmmc/nist_sp_800_171_control_titles.json + vault lineage
3.1.13,AC.L2-3.1.13,AC,Access Control,Use cryptographic mechanisms for remote access,1,Access Control,pure_technical,no,no,yes,STRONG,network/firewall.txt|network/firewall-rules-summary.txt|crypto/fips.txt|crypto/schannel-protocols.txt,Collect-Cui-Evidence-v2.ps1 bundle paths; validate_windows_server_hardening.py for OS 73 manifest alignment,no,yes,azure_entra_7_only,ssp_reference_primary,control_monitoring,yes,control_monitoring=Weekly/monthly attestations + automated checks,implemented,OS_collector,continuous,no,no,,Examiner will check VPN configuration for encryption standards. Will ask if split tunneling is allowed.,VPN configuration changed to allow non-FIPS cipher suites,,V+Z+E,Windows collector + validator (event-driven; schedule per org) · Azure CLI / Entra export (export_azure_evidence.sh; monthly + on change) · Operational registers per cadence_hint in cmmc_l2_register_evidence_map,control_bin: control-bins.ts; os: os-evidence-nist-manifest.json; registers: cmmc_l2_register_evidence_map.v1.json; intel: control-intelligence.ts; titles: src/data/cmmc/nist_sp_800_171_control_titles.json + vault lineage
3.1.14,AC.L2-3.1.14,AC,Access Control,Route remote access via managed access control points,1,Access Control,pure_technical,no,no,no,n/a,,Not in enclave OS manifest (37 controls) — use other lanes,no,yes,azure_entra_7_only,ssp_reference_primary,control_monitoring,yes,control_monitoring=Weekly/monthly attestations + automated checks,implemented,OS_collector,continuous,no,no,,Examiner will ask: is there any way to access CUI systems without going through the VPN? Will review network diagrams.,New network path created bypassing the VPN gateway,,Z+E,Azure CLI / Entra export (export_azure_evidence.sh; monthly + on change) · Operational registers per cadence_hint in cmmc_l2_register_evidence_map,control_bin: control-bins.ts; registers: cmmc_l2_register_evidence_map.v1.json; intel: control-intelligence.ts; titles: src/data/cmmc/nist_sp_800_171_control_titles.json + vault lineage
3.1.15,AC.L2-3.1.15,AC,Access Control,Authorize remote execution of privileged commands via remote access,1,Access Control,hybrid_governance,yes,no,no,n/a,,Not in enclave OS manifest (37 controls) — use other lanes,no,no,none,governance_package_heavy,access_authorization|change_log|termination,yes,"access_authorization=Per request + periodic access reviews (e.g., quarterly); change_log=Per change request/approval/implementation; termination=Per offboarding event (same-day recommended)",partial,OS_collector|Governance_manifest,annual,yes,yes,access_authorization,Examiner will ask: who can authorize remote access? Is there a written request and approval? Can you show it to me for each remote user?,Remote user accessing without written authorization on file,,D+E,Policies / procedures / SSP governance (policy_review register) · Operational registers per cadence_hint in cmmc_l2_register_evidence_map,control_bin: control-bins.ts; registers: cmmc_l2_register_evidence_map.v1.json; intel: control-intelligence.ts; titles: src/data/cmmc/nist_sp_800_171_control_titles.json + vault lineage
3.1.16,AC.L2-3.1.16,AC,Access Control,Authorize wireless access prior to connecting,3,Access Control,hybrid_governance,yes,yes,no,n/a,,Not in enclave OS manifest (37 controls) — use other lanes,no,no,none,governance_package_heavy,access_authorization|change_log|termination,yes,"access_authorization=Per request + periodic access reviews (e.g., quarterly); change_log=Per change request/approval/implementation; termination=Per offboarding event (same-day recommended)",not_applicable,,na,no,no,,Examiner will verify there truly is no wireless in scope. Will check if any endpoint connects via WiFi to access the CUI Vault.,An endpoint is found connecting to CUI Vault via WiFi,"No wireless infrastructure in the MacTech CUI Vault. All connectivity is wired LAN or VPN. If any endpoint uses WiFi to reach the enclave, this control becomes applicable.",D+E,Policies / procedures / SSP governance (policy_review register) · Operational registers per cadence_hint in cmmc_l2_register_evidence_map,control_bin: control-bins.ts; registers: cmmc_l2_register_evidence_map.v1.json; intel: control-intelligence.ts; titles: src/data/cmmc/nist_sp_800_171_control_titles.json + vault lineage
3.1.17,AC.L2-3.1.17,AC,Access Control,Protect wireless access using authentication and encryption,3,Access Control,hybrid_governance,yes,yes,no,n/a,,Not in enclave OS manifest (37 controls) — use other lanes,no,no,none,governance_package_heavy,control_monitoring,yes,control_monitoring=Weekly/monthly attestations + automated checks,not_applicable,,na,no,no,,Same as 3.1.16 — examiner will verify no wireless is in scope.,WiFi-connected endpoint discovered accessing CUI Vault,No wireless infrastructure. See 3.1.16.,D+E,Policies / procedures / SSP governance (policy_review register) · Operational registers per cadence_hint in cmmc_l2_register_evidence_map,control_bin: control-bins.ts; registers: cmmc_l2_register_evidence_map.v1.json; intel: control-intelligence.ts; titles: src/data/cmmc/nist_sp_800_171_control_titles.json + vault lineage
3.1.18,AC.L2-3.1.18,AC,Access Control,Control connection of mobile devices,5,Access Control,hybrid_governance,yes,no,no,n/a,,Not in enclave OS manifest (37 controls) — use other lanes,no,no,none,governance_package_heavy,media_access,yes,media_access=Per removable media use/exception approval,not_applicable,Governance_manifest,one_time,no,no,,Examiner will ask: can someone access CUI from their iPhone? Will check Conditional Access policies for mobile device restrictions.,Mobile device found with CUI Vault app access or Conditional Access policy changed,"Mobile devices (iOS, Android) are prohibited from accessing CUI Vault resources. Conditional Access enforces Windows managed devices only.",D+E,Policies / procedures / SSP governance (policy_review register) · Operational registers per cadence_hint in cmmc_l2_register_evidence_map,control_bin: control-bins.ts; registers: cmmc_l2_register_evidence_map.v1.json; intel: control-intelligence.ts; titles: src/data/cmmc/nist_sp_800_171_control_titles.json + vault lineage
3.1.19,AC.L2-3.1.19,AC,Access Control,Encrypt CUI on mobile devices and mobile computing platforms,3,Access Control,hybrid_governance,yes,no,no,n/a,,Not in enclave OS manifest (37 controls) — use other lanes,no,no,none,governance_package_heavy,control_monitoring,yes,control_monitoring=Weekly/monthly attestations + automated checks,not_applicable,,na,no,no,,Examiner verifies no mobile devices in scope.,Mobile device found with CUI,No mobile devices in scope. See 3.1.18.,D+E,Policies / procedures / SSP governance (policy_review register) · Operational registers per cadence_hint in cmmc_l2_register_evidence_map,control_bin: control-bins.ts; registers: cmmc_l2_register_evidence_map.v1.json; intel: control-intelligence.ts; titles: src/data/cmmc/nist_sp_800_171_control_titles.json + vault lineage
3.1.20,AC.L2-3.1.20,AC,Access Control,Verify and control all external system connections,5,Access Control,hybrid_governance,yes,no,no,n/a,,Not in enclave OS manifest (37 controls) — use other lanes,no,no,none,governance_package_heavy,access_authorization|change_log,yes,"access_authorization=Per request + periodic access reviews (e.g., quarterly); change_log=Per change request/approval/implementation",partial,OS_collector|Governance_manifest,annual,yes,yes,access_authorization,Examiner will ask: what external systems does your CUI system connect to? Is there a written agreement for each? When were they last reviewed?,New external connection established without documented agreement,,D+E,Policies / procedures / SSP governance (policy_review register) · Operational registers per cadence_hint in cmmc_l2_register_evidence_map,control_bin: control-bins.ts; registers: cmmc_l2_register_evidence_map.v1.json; intel: control-intelligence.ts; titles: src/data/cmmc/nist_sp_800_171_control_titles.json + vault lineage
3.1.21,AC.L2-3.1.21,AC,Access Control,Limit use of portable storage devices,5,Access Control,pure_technical,no,no,yes,STRONG,storage/removable-storage-policies.txt|storage/usbstor.txt|policy/secpol.cfg,Collect-Cui-Evidence-v2.ps1 bundle paths; validate_windows_server_hardening.py for OS 73 manifest alignment,no,no,none,ssp_reference_primary,media_access,yes,media_access=Per removable media use/exception approval,implemented,OS_collector,continuous,no,no,,Examiner will check GPO for USB storage restrictions. Will ask: what happens if someone plugs in a USB drive?,USB storage policy GPO changed or exception granted without documentation,,V+E,Windows collector + validator (event-driven; schedule per org) · Operational registers per cadence_hint in cmmc_l2_register_evidence_map,control_bin: control-bins.ts; os: os-evidence-nist-manifest.json; registers: cmmc_l2_register_evidence_map.v1.json; intel: control-intelligence.ts; titles: src/data/cmmc/nist_sp_800_171_control_titles.json + vault lineage
3.1.22,AC.L2-3.1.22,AC,Access Control,Control CUI posted or processed on publicly accessible systems,1,Access Control,hybrid_technical,yes,no,yes,PARTIAL,network/firewall.txt|network/firewall-rules-summary.txt|policy/local-accounts.txt,Collect-Cui-Evidence-v2.ps1 bundle paths; validate_windows_server_hardening.py for OS 73 manifest alignment,no,no,none,governance_package_heavy,control_monitoring,yes,control_monitoring=Weekly/monthly attestations + automated checks,implemented,OS_collector,continuous,no,no,,Examiner will verify no CUI system has a public IP or is accessible from the internet without VPN.,Public IP assigned to any CUI system resource,,V+D+E,Windows collector + validator (event-driven; schedule per org) · Policies / procedures / SSP governance (policy_review register) · Operational registers per cadence_hint in cmmc_l2_register_evidence_map,control_bin: control-bins.ts; os: os-evidence-nist-manifest.json; registers: cmmc_l2_register_evidence_map.v1.json; intel: control-intelligence.ts; titles: src/data/cmmc/nist_sp_800_171_control_titles.json + vault lineage
3.2.1,AT.L2-3.2.1,AT,Awareness and Training,Ensure personnel are aware of security risks,3,Awareness and Training,pure_governance,no,no,no,n/a,,Not in enclave OS manifest (37 controls) — use other lanes,no,no,none,governance_package_heavy,training_completion,yes,training_completion=Per hire + annually (or per policy),partial,Governance_manifest,annual,yes,yes,training_completion,Examiner will ask for the training completion records for every person with access to CUI systems. Will check dates — training must be within 12 months. Policy alone is not sufficient.,User training record shows completion > 12 months ago or no record exists,,D+E,Policies / procedures / SSP governance (policy_review register) · Operational registers per cadence_hint in cmmc_l2_register_evidence_map,control_bin: control-bins.ts; registers: cmmc_l2_register_evidence_map.v1.json; intel: control-intelligence.ts; titles: src/data/cmmc/nist_sp_800_171_control_titles.json + vault lineage
3.2.2,AT.L2-3.2.2,AT,Awareness and Training,Train personnel to carry out assigned security responsibilities,3,Awareness and Training,pure_governance,no,no,no,n/a,,Not in enclave OS manifest (37 controls) — use other lanes,no,no,none,governance_package_heavy,training_completion,yes,training_completion=Per hire + annually (or per policy),partial,Governance_manifest,annual,yes,yes,training_completion,Examiner will ask specifically: does your training cover insider threat awareness? What topics? Will ask users what insider threat indicators they were trained to recognize.,Training content updated to remove insider threat topics,,D+E,Policies / procedures / SSP governance (policy_review register) · Operational registers per cadence_hint in cmmc_l2_register_evidence_map,control_bin: control-bins.ts; registers: cmmc_l2_register_evidence_map.v1.json; intel: control-intelligence.ts; titles: src/data/cmmc/nist_sp_800_171_control_titles.json + vault lineage
3.2.3,AT.L2-3.2.3,AT,Awareness and Training,Provide security awareness training on recognizing threats,5,Awareness and Training,pure_governance,no,no,no,n/a,,Not in enclave OS manifest (37 controls) — use other lanes,no,no,none,governance_package_heavy,training_completion,yes,training_completion=Per hire + annually (or per policy),partial,Governance_manifest,annual,yes,yes,training_completion,Examiner will cross-reference the authorized user list against training records. Any user on the access list without a training record is a finding.,User in authorized access register has no training record,,D+E,Policies / procedures / SSP governance (policy_review register) · Operational registers per cadence_hint in cmmc_l2_register_evidence_map,control_bin: control-bins.ts; registers: cmmc_l2_register_evidence_map.v1.json; intel: control-intelligence.ts; titles: src/data/cmmc/nist_sp_800_171_control_titles.json + vault lineage
3.3.1,AU.L2-3.3.1,AU,Audit and Accountability,Create and retain system audit logs,5,Audit and Accountability,pure_technical,no,no,yes,STRONG,audit/auditpol.txt|audit/auditpol-subcategories.txt|audit/eventlog-security.txt|audit/eventlog-system.txt,Collect-Cui-Evidence-v2.ps1 bundle paths; validate_windows_server_hardening.py for OS 73 manifest alignment,no,yes,azure_entra_7_only,ssp_reference_primary,audit_config,yes,audit_config=On onboarding new log sources; review quarterly,implemented,OS_collector,continuous,no,no,,"Examiner will check auditpol settings. Required categories: Logon/Logoff, Account Management, Policy Change, Privilege Use, System, Object Access, Process Tracking.",Audit policy subcategory disabled or log size reduced,,V+Z+E,Windows collector + validator (event-driven; schedule per org) · Azure CLI / Entra export (export_azure_evidence.sh; monthly + on change) · Operational registers per cadence_hint in cmmc_l2_register_evidence_map,control_bin: control-bins.ts; os: os-evidence-nist-manifest.json; registers: cmmc_l2_register_evidence_map.v1.json; intel: control-intelligence.ts; titles: src/data/cmmc/nist_sp_800_171_control_titles.json + vault lineage
3.3.2,AU.L2-3.3.2,AU,Audit and Accountability,Ensure actions of individual users are traceable,3,Audit and Accountability,pure_technical,no,no,yes,STRONG,audit/auditpol-subcategories.txt|audit/eventlog-security-sample.txt,Collect-Cui-Evidence-v2.ps1 bundle paths; validate_windows_server_hardening.py for OS 73 manifest alignment,no,yes,azure_entra_7_only,ssp_reference_primary,audit_config,yes,audit_config=On onboarding new log sources; review quarterly,implemented,OS_collector,continuous,no,yes,audit_log_review,Examiner will ask: are there any shared accounts? How do you correlate audit events to individuals? Will ask to see audit review records.,Shared account discovered or audit review not performed on schedule,,V+Z+E,Windows collector + validator (event-driven; schedule per org) · Azure CLI / Entra export (export_azure_evidence.sh; monthly + on change) · Operational registers per cadence_hint in cmmc_l2_register_evidence_map,control_bin: control-bins.ts; os: os-evidence-nist-manifest.json; registers: cmmc_l2_register_evidence_map.v1.json; intel: control-intelligence.ts; titles: src/data/cmmc/nist_sp_800_171_control_titles.json + vault lineage
3.3.3,AU.L2-3.3.3,AU,Audit and Accountability,Review and update logged events,1,Audit and Accountability,pure_governance,no,no,no,n/a,,Not in enclave OS manifest (37 controls) — use other lanes,no,no,none,governance_package_heavy,audit_config,yes,audit_config=On onboarding new log sources; review quarterly,implemented,OS_collector|Governance_manifest,per_event,yes,yes,audit_log_review,Examiner will ask how often logs are reviewed. Will ask to see the review log. Will check if anomalies were investigated.,Log review register shows gap of more than 30 days between reviews,,D+E,Policies / procedures / SSP governance (policy_review register) · Operational registers per cadence_hint in cmmc_l2_register_evidence_map,control_bin: control-bins.ts; registers: cmmc_l2_register_evidence_map.v1.json; intel: control-intelligence.ts; titles: src/data/cmmc/nist_sp_800_171_control_titles.json + vault lineage
3.3.4,AU.L2-3.3.4,AU,Audit and Accountability,Alert in the event of an audit logging process failure,1,Audit and Accountability,pure_technical,no,no,yes,STRONG,audit/auditpol.txt|audit/eventlog-security.txt,Collect-Cui-Evidence-v2.ps1 bundle paths; validate_windows_server_hardening.py for OS 73 manifest alignment,no,no,none,ssp_reference_primary,audit_config|incident_log,yes,audit_config=On onboarding new log sources; review quarterly; incident_log=Per incident + exercises/tests,implemented,OS_collector|Azure_Gov_FedRAMP_or_Entra,continuous,no,no,,Examiner will ask: what happens if your audit log stops writing? Will you know? Can you show me the alert configuration?,Azure Monitor alert for audit failure deleted or disabled,,V+E,Windows collector + validator (event-driven; schedule per org) · Operational registers per cadence_hint in cmmc_l2_register_evidence_map,control_bin: control-bins.ts; os: os-evidence-nist-manifest.json; registers: cmmc_l2_register_evidence_map.v1.json; intel: control-intelligence.ts; titles: src/data/cmmc/nist_sp_800_171_control_titles.json + vault lineage
3.3.5,AU.L2-3.3.5,AU,Audit and Accountability,"Correlate audit record review, analysis, and reporting processes",5,Audit and Accountability,hybrid_technical,yes,no,yes,PARTIAL,audit/auditpol-subcategories.txt|audit/eventlog-security-sample.txt|audit/eventlog-system-sample.txt,Collect-Cui-Evidence-v2.ps1 bundle paths; validate_windows_server_hardening.py for OS 73 manifest alignment,no,no,none,governance_package_heavy,audit_log_review|incident_log,yes,audit_log_review=Daily/weekly (per policy) + after alerts; incident_log=Per incident + exercises/tests,partial,OS_collector|Governance_manifest,annual,yes,no,,"Examiner will ask: if your audit process fails, what do you do? Who is notified? What is the timeline? Will verify this is in the IR Plan.",IR Plan not updated to include audit failure scenario,,V+D+E,Windows collector + validator (event-driven; schedule per org) · Policies / procedures / SSP governance (policy_review register) · Operational registers per cadence_hint in cmmc_l2_register_evidence_map,control_bin: control-bins.ts; os: os-evidence-nist-manifest.json; registers: cmmc_l2_register_evidence_map.v1.json; intel: control-intelligence.ts; titles: src/data/cmmc/nist_sp_800_171_control_titles.json + vault lineage
3.3.6,AU.L2-3.3.6,AU,Audit and Accountability,Provide audit record reduction and report generation,1,Audit and Accountability,hybrid_technical,yes,no,yes,PARTIAL,audit/auditpol.txt|audit/eventlog-security.txt|audit/eventlog-application.txt,Collect-Cui-Evidence-v2.ps1 bundle paths; validate_windows_server_hardening.py for OS 73 manifest alignment,no,no,none,governance_package_heavy,audit_config,yes,audit_config=On onboarding new log sources; review quarterly,implemented,OS_collector|Azure_Gov_FedRAMP_or_Entra,continuous,no,no,,Examiner will ask: how do you review audit data? Can you generate a report showing all failed logons in the last 30 days?,Azure Monitor workspace deleted or Defender for Cloud disabled,,V+D+E,Windows collector + validator (event-driven; schedule per org) · Policies / procedures / SSP governance (policy_review register) · Operational registers per cadence_hint in cmmc_l2_register_evidence_map,control_bin: control-bins.ts; os: os-evidence-nist-manifest.json; registers: cmmc_l2_register_evidence_map.v1.json; intel: control-intelligence.ts; titles: src/data/cmmc/nist_sp_800_171_control_titles.json + vault lineage
3.3.7,AU.L2-3.3.7,AU,Audit and Accountability,Provide system capability that compares and synchronizes internal clocks,1,Audit and Accountability,pure_technical,no,no,yes,STRONG,host/time-sync.txt,Collect-Cui-Evidence-v2.ps1 bundle paths; validate_windows_server_hardening.py for OS 73 manifest alignment,no,no,none,ssp_reference_primary,audit_config,yes,audit_config=On onboarding new log sources; review quarterly,implemented,OS_collector,continuous,no,no,,Examiner will check that all systems are synced to the same authoritative time source. Time discrepancies between systems undermine audit log correlation.,Time sync service disabled or configured to unapproved source,,V+E,Windows collector + validator (event-driven; schedule per org) · Operational registers per cadence_hint in cmmc_l2_register_evidence_map,control_bin: control-bins.ts; os: os-evidence-nist-manifest.json; registers: cmmc_l2_register_evidence_map.v1.json; intel: control-intelligence.ts; titles: src/data/cmmc/nist_sp_800_171_control_titles.json + vault lineage
3.3.8,AU.L2-3.3.8,AU,Audit and Accountability,Protect audit information and tools from unauthorized access,3,Audit and Accountability,pure_technical,no,no,yes,STRONG,audit/security-evtx-acl.txt,Collect-Cui-Evidence-v2.ps1 bundle paths; validate_windows_server_hardening.py for OS 73 manifest alignment,no,no,none,ssp_reference_primary,audit_config,yes,audit_config=On onboarding new log sources; review quarterly,implemented,OS_collector,continuous,no,no,,"Examiner will check: who can access, modify, or delete audit logs? Will verify non-admin users cannot clear logs.",Audit log ACL changed to allow standard users to clear logs,,V+E,Windows collector + validator (event-driven; schedule per org) · Operational registers per cadence_hint in cmmc_l2_register_evidence_map,control_bin: control-bins.ts; os: os-evidence-nist-manifest.json; registers: cmmc_l2_register_evidence_map.v1.json; intel: control-intelligence.ts; titles: src/data/cmmc/nist_sp_800_171_control_titles.json + vault lineage
3.3.9,AU.L2-3.3.9,AU,Audit and Accountability,Limit management of audit logging to subset of privileged users,1,Audit and Accountability,pure_technical,no,no,yes,STRONG,policy/secpol.cfg|policy/user-rights-assignments.txt,Collect-Cui-Evidence-v2.ps1 bundle paths; validate_windows_server_hardening.py for OS 73 manifest alignment,no,no,none,ssp_reference_primary,audit_config,yes,audit_config=On onboarding new log sources; review quarterly,implemented,OS_collector|Governance_manifest,annual,yes,no,,Examiner will ask: how long do you retain audit logs? Will check both local log size and SIEM/log analytics retention settings.,Log Analytics workspace retention reduced below 1 year,,V+E,Windows collector + validator (event-driven; schedule per org) · Operational registers per cadence_hint in cmmc_l2_register_evidence_map,control_bin: control-bins.ts; os: os-evidence-nist-manifest.json; registers: cmmc_l2_register_evidence_map.v1.json; intel: control-intelligence.ts; titles: src/data/cmmc/nist_sp_800_171_control_titles.json + vault lineage
3.4.1,CM.L2-3.4.1,CM,Configuration Management,Establish and maintain baseline configurations,3,Configuration Management,pure_technical,no,no,yes,STRONG,policy/secpol.cfg|policy/rsop.xml|meta/manifest.json|meta/bundle.json,Collect-Cui-Evidence-v2.ps1 bundle paths; validate_windows_server_hardening.py for OS 73 manifest alignment,no,no,none,ssp_reference_primary,baseline_config|policy_review,yes,baseline_config=Per baseline version + after major changes; policy_review=Annually + after major changes/incidents,implemented,OS_collector,continuous,no,yes,baseline_config,Examiner will ask: what is your baseline configuration? How do you know when a system deviates from it? Will review GPResult output.,GPResult shows new policy applied or existing policy removed,,V+E,Windows collector + validator (event-driven; schedule per org) · Operational registers per cadence_hint in cmmc_l2_register_evidence_map,control_bin: control-bins.ts; os: os-evidence-nist-manifest.json; registers: cmmc_l2_register_evidence_map.v1.json; intel: control-intelligence.ts; titles: src/data/cmmc/nist_sp_800_171_control_titles.json + vault lineage
3.4.2,CM.L2-3.4.2,CM,Configuration Management,Establish and enforce security configuration settings,3,Configuration Management,pure_technical,no,no,yes,STRONG,policy/rsop.xml|policy/gpresult.html|policy/gpresult-computer.txt|policy/gpresult-user.txt,Collect-Cui-Evidence-v2.ps1 bundle paths; validate_windows_server_hardening.py for OS 73 manifest alignment,no,no,none,ssp_reference_primary,baseline_config|policy_review,yes,baseline_config=Per baseline version + after major changes; policy_review=Annually + after major changes/incidents,partial,OS_collector|Governance_manifest,per_event,yes,yes,change_log,Examiner will ask to see the change control log. Will pick a recent change and ask: who approved it? Was a risk assessment done? Was it tested? This is a common finding area.,Baseline drift detected with no corresponding change control record,,V+E,Windows collector + validator (event-driven; schedule per org) · Operational registers per cadence_hint in cmmc_l2_register_evidence_map,control_bin: control-bins.ts; os: os-evidence-nist-manifest.json; registers: cmmc_l2_register_evidence_map.v1.json; intel: control-intelligence.ts; titles: src/data/cmmc/nist_sp_800_171_control_titles.json + vault lineage
3.4.3,CM.L2-3.4.3,CM,Configuration Management,"Track, review, approve, and log changes to systems",1,Configuration Management,hybrid_technical,yes,no,yes,PARTIAL,meta/collector-transcript.txt|meta/manifest.json,Collect-Cui-Evidence-v2.ps1 bundle paths; validate_windows_server_hardening.py for OS 73 manifest alignment,no,no,none,governance_package_heavy,baseline_config|policy_review,yes,baseline_config=Per baseline version + after major changes; policy_review=Annually + after major changes/incidents,partial,OS_collector|Governance_manifest,per_event,yes,yes,change_log,"Examiner will ask to see the SIA for a recent change. Will verify the SIA was completed BEFORE the change was made, not after.",Change implemented without completed SIA on file,,V+D+E,Windows collector + validator (event-driven; schedule per org) · Policies / procedures / SSP governance (policy_review register) · Operational registers per cadence_hint in cmmc_l2_register_evidence_map,control_bin: control-bins.ts; os: os-evidence-nist-manifest.json; registers: cmmc_l2_register_evidence_map.v1.json; intel: control-intelligence.ts; titles: src/data/cmmc/nist_sp_800_171_control_titles.json + vault lineage
3.4.4,CM.L2-3.4.4,CM,Configuration Management,Analyze security impact of changes before implementation,1,Configuration Management,pure_governance,no,no,no,n/a,,Not in enclave OS manifest (37 controls) — use other lanes,no,no,none,governance_package_heavy,baseline_config|policy_review,yes,baseline_config=Per baseline version + after major changes; policy_review=Annually + after major changes/incidents,partial,Governance_manifest,monthly,yes,yes,vuln_remediation,Examiner will ask: how do you evaluate Microsoft security patches? Do you review security bulletins? Can you show me the last 3 months of patch review records?,No patch review record for a month or critical patch deferred without documented justification,,D+E,Policies / procedures / SSP governance (policy_review register) · Operational registers per cadence_hint in cmmc_l2_register_evidence_map,control_bin: control-bins.ts; registers: cmmc_l2_register_evidence_map.v1.json; intel: control-intelligence.ts; titles: src/data/cmmc/nist_sp_800_171_control_titles.json + vault lineage
3.4.5,CM.L2-3.4.5,CM,Configuration Management,Define and document access restrictions for changes,1,Configuration Management,hybrid_technical,yes,no,yes,PARTIAL,policy/user-rights-assignments.txt|policy/secpol.cfg,Collect-Cui-Evidence-v2.ps1 bundle paths; validate_windows_server_hardening.py for OS 73 manifest alignment,no,no,none,governance_package_heavy,change_log|assessment_findings,yes,change_log=Per change request/approval/implementation; assessment_findings=Per assessment + retests,implemented,OS_collector,continuous,no,no,,Examiner will test: can a standard user install software? Modify system settings? Will check AppLocker rules and UAC configuration.,Standard user found with ability to install software or modify system config,,V+D+E,Windows collector + validator (event-driven; schedule per org) · Policies / procedures / SSP governance (policy_review register) · Operational registers per cadence_hint in cmmc_l2_register_evidence_map,control_bin: control-bins.ts; os: os-evidence-nist-manifest.json; registers: cmmc_l2_register_evidence_map.v1.json; intel: control-intelligence.ts; titles: src/data/cmmc/nist_sp_800_171_control_titles.json + vault lineage
3.4.6,CM.L2-3.4.6,CM,Configuration Management,Employ principle of least functionality,5,Configuration Management,pure_technical,no,no,yes,STRONG,network/listening-ports.txt|host/services-security-relevant.txt|host/installed-software.txt,Collect-Cui-Evidence-v2.ps1 bundle paths; validate_windows_server_hardening.py for OS 73 manifest alignment,no,no,none,ssp_reference_primary,change_log|assessment_findings,yes,change_log=Per change request/approval/implementation; assessment_findings=Per assessment + retests,implemented,OS_collector,continuous,no,yes,baseline_config,Examiner will ask: how do you control what software is installed? Can you show me the approved software list? Will compare against what is actually installed.,New software installed that is not on the authorized software register,,V+E,Windows collector + validator (event-driven; schedule per org) · Operational registers per cadence_hint in cmmc_l2_register_evidence_map,control_bin: control-bins.ts; os: os-evidence-nist-manifest.json; registers: cmmc_l2_register_evidence_map.v1.json; intel: control-intelligence.ts; titles: src/data/cmmc/nist_sp_800_171_control_titles.json + vault lineage
3.4.7,CM.L2-3.4.7,CM,Configuration Management,"Restrict, disable, or prevent the use of nonessential programs",5,Configuration Management,pure_technical,no,no,yes,STRONG,apps/applocker-policy.txt,Collect-Cui-Evidence-v2.ps1 bundle paths; validate_windows_server_hardening.py for OS 73 manifest alignment,no,no,none,ssp_reference_primary,change_log|assessment_findings,yes,change_log=Per change request/approval/implementation; assessment_findings=Per assessment + retests,implemented,OS_collector,continuous,no,no,,Examiner will look at listening ports and ask about any unexpected services. Will check for common unnecessary services like Telnet or FTP.,New service discovered listening on unexpected port,,V+E,Windows collector + validator (event-driven; schedule per org) · Operational registers per cadence_hint in cmmc_l2_register_evidence_map,control_bin: control-bins.ts; os: os-evidence-nist-manifest.json; registers: cmmc_l2_register_evidence_map.v1.json; intel: control-intelligence.ts; titles: src/data/cmmc/nist_sp_800_171_control_titles.json + vault lineage
3.4.8,CM.L2-3.4.8,CM,Configuration Management,Apply deny-by-exception policy for unauthorized software,3,Configuration Management,pure_technical,no,no,yes,STRONG,network/firewall.txt|network/firewall-rules-summary.txt|apps/applocker-policy.txt,Collect-Cui-Evidence-v2.ps1 bundle paths; validate_windows_server_hardening.py for OS 73 manifest alignment,no,no,none,ssp_reference_primary,change_log|assessment_findings,yes,change_log=Per change request/approval/implementation; assessment_findings=Per assessment + retests,implemented,OS_collector,continuous,no,no,,Examiner will check AppLocker is in Enforce mode (not Audit mode). Will test by attempting to run an unauthorized executable.,AppLocker changed from Enforce to Audit mode,,V+E,Windows collector + validator (event-driven; schedule per org) · Operational registers per cadence_hint in cmmc_l2_register_evidence_map,control_bin: control-bins.ts; os: os-evidence-nist-manifest.json; registers: cmmc_l2_register_evidence_map.v1.json; intel: control-intelligence.ts; titles: src/data/cmmc/nist_sp_800_171_control_titles.json + vault lineage
3.4.9,CM.L2-3.4.9,CM,Configuration Management,Control and monitor user-installed software,3,Configuration Management,pure_technical,no,no,yes,STRONG,apps/applocker-policy.txt|policy/rsop.xml,Collect-Cui-Evidence-v2.ps1 bundle paths; validate_windows_server_hardening.py for OS 73 manifest alignment,no,no,none,ssp_reference_primary,change_log|assessment_findings,yes,change_log=Per change request/approval/implementation; assessment_findings=Per assessment + retests,implemented,OS_collector,continuous,no,no,,Examiner will attempt to install an unauthorized application as a standard user. Will check UAC prompt behavior.,AppLocker or UAC policy weakened allowing standard user software installation,,V+E,Windows collector + validator (event-driven; schedule per org) · Operational registers per cadence_hint in cmmc_l2_register_evidence_map,control_bin: control-bins.ts; os: os-evidence-nist-manifest.json; registers: cmmc_l2_register_evidence_map.v1.json; intel: control-intelligence.ts; titles: src/data/cmmc/nist_sp_800_171_control_titles.json + vault lineage
3.5.1,IA.L2-3.5.1,IA,Identification and Authentication,"Identify system users, processes, and devices",3,Identification and Authentication,pure_technical,no,no,yes,STRONG,policy/local-accounts.txt|host/whoami-all.txt,Collect-Cui-Evidence-v2.ps1 bundle paths; validate_windows_server_hardening.py for OS 73 manifest alignment,no,no,none,ssp_reference_primary,access_authorization|termination,yes,"access_authorization=Per request + periodic access reviews (e.g., quarterly); termination=Per offboarding event (same-day recommended)",implemented,OS_collector,continuous,no,yes,access_authorization,"Examiner will ask to see the list of all users. Will check for any guest, anonymous, or shared accounts.",Guest account enabled or shared account discovered,,V+E,Windows collector + validator (event-driven; schedule per org) · Operational registers per cadence_hint in cmmc_l2_register_evidence_map,control_bin: control-bins.ts; os: os-evidence-nist-manifest.json; registers: cmmc_l2_register_evidence_map.v1.json; intel: control-intelligence.ts; titles: src/data/cmmc/nist_sp_800_171_control_titles.json + vault lineage
3.5.2,IA.L2-3.5.2,IA,Identification and Authentication,"Authenticate the identities of those users, processes, or devices",3,Identification and Authentication,pure_technical,no,no,yes,STRONG,policy/secpol.cfg|policy/local-accounts.txt|policy/lsa.txt,Collect-Cui-Evidence-v2.ps1 bundle paths; validate_windows_server_hardening.py for OS 73 manifest alignment,no,no,none,ssp_reference_primary,authenticator_mgmt|audit_log_review,yes,authenticator_mgmt=Per issuance/reset/revocation event; audit_log_review=Daily/weekly (per policy) + after alerts,implemented,OS_collector|Azure_Gov_FedRAMP_or_Entra,continuous,no,no,,Examiner will verify local accounts are disabled and all access requires Entra ID authentication.,Local account enabled or Conditional Access policy disabled,,V+E,Windows collector + validator (event-driven; schedule per org) · Operational registers per cadence_hint in cmmc_l2_register_evidence_map,control_bin: control-bins.ts; os: os-evidence-nist-manifest.json; registers: cmmc_l2_register_evidence_map.v1.json; intel: control-intelligence.ts; titles: src/data/cmmc/nist_sp_800_171_control_titles.json + vault lineage
3.5.3,IA.L2-3.5.3,IA,Identification and Authentication,Use multifactor authentication for local and network access to privileged accounts,5,Identification and Authentication,hybrid_technical,yes,no,yes,PARTIAL,policy/local-admins.txt|network/rdp-policy.txt,Collect-Cui-Evidence-v2.ps1 bundle paths; validate_windows_server_hardening.py for OS 73 manifest alignment,no,yes,azure_entra_7_only,governance_package_heavy,authenticator_mgmt|audit_log_review,yes,authenticator_mgmt=Per issuance/reset/revocation event; audit_log_review=Daily/weekly (per policy) + after alerts,implemented,OS_collector|Azure_Gov_FedRAMP_or_Entra|Governance_manifest,continuous,yes,yes,authenticator_mgmt,Examiner will test MFA by attempting login without second factor. Will ask to see MFA enrollment for all users. A single user without MFA is a critical finding.,MFA Conditional Access policy disabled or user found without MFA enrollment,,V+Z+D+E,Windows collector + validator (event-driven; schedule per org) · Azure CLI / Entra export (export_azure_evidence.sh; monthly + on change) · Policies / procedures / SSP governance (policy_review register) · Operational registers per cadence_hint in cmmc_l2_register_evidence_map,control_bin: control-bins.ts; os: os-evidence-nist-manifest.json; registers: cmmc_l2_register_evidence_map.v1.json; intel: control-intelligence.ts; titles: src/data/cmmc/nist_sp_800_171_control_titles.json + vault lineage
3.5.4,IA.L2-3.5.4,IA,Identification and Authentication,Employ replay-resistant authentication mechanisms,3,Identification and Authentication,hybrid_technical,yes,no,yes,PARTIAL,policy/secpol.cfg|policy/lsa.txt|policy/ntlm-policy.txt,Collect-Cui-Evidence-v2.ps1 bundle paths; validate_windows_server_hardening.py for OS 73 manifest alignment,no,no,none,governance_package_heavy,authenticator_mgmt,yes,authenticator_mgmt=Per issuance/reset/revocation event,implemented,OS_collector,continuous,no,no,,Examiner will check NTLMv1 is disabled. Will verify Entra ID is used for primary auth (not NTLM for interactive sessions).,NTLMv1 re-enabled or NTLM authentication allowed for interactive sessions,,V+D+E,Windows collector + validator (event-driven; schedule per org) · Policies / procedures / SSP governance (policy_review register) · Operational registers per cadence_hint in cmmc_l2_register_evidence_map,control_bin: control-bins.ts; os: os-evidence-nist-manifest.json; registers: cmmc_l2_register_evidence_map.v1.json; intel: control-intelligence.ts; titles: src/data/cmmc/nist_sp_800_171_control_titles.json + vault lineage
3.5.5,IA.L2-3.5.5,IA,Identification and Authentication,Employ identifier management practices to prevent reuse,1,Identification and Authentication,pure_technical,no,no,yes,STRONG,policy/secpol.cfg|policy/local-accounts.txt,Collect-Cui-Evidence-v2.ps1 bundle paths; validate_windows_server_hardening.py for OS 73 manifest alignment,no,no,none,ssp_reference_primary,authenticator_mgmt,yes,authenticator_mgmt=Per issuance/reset/revocation event,implemented,OS_collector|Governance_manifest,per_event,yes,yes,access_authorization,Examiner will ask: how do you handle account creation and termination? Will look for terminated employee accounts still active. Stale accounts are a common finding.,Terminated employee account found still active,,V+E,Windows collector + validator (event-driven; schedule per org) · Operational registers per cadence_hint in cmmc_l2_register_evidence_map,control_bin: control-bins.ts; os: os-evidence-nist-manifest.json; registers: cmmc_l2_register_evidence_map.v1.json; intel: control-intelligence.ts; titles: src/data/cmmc/nist_sp_800_171_control_titles.json + vault lineage
3.5.6,IA.L2-3.5.6,IA,Identification and Authentication,Disable identifiers after defined inactivity period,1,Identification and Authentication,hybrid_technical,yes,no,yes,PARTIAL,network/firewall-rules-summary.txt|policy/account-policy.txt,Collect-Cui-Evidence-v2.ps1 bundle paths; validate_windows_server_hardening.py for OS 73 manifest alignment,no,no,none,governance_package_heavy,authenticator_mgmt,yes,authenticator_mgmt=Per issuance/reset/revocation event,implemented,OS_collector|Governance_manifest,annual,yes,no,,"Examiner will check: minimum password length (14+ chars), complexity requirements, history (last 24), maximum age (60 days or less).",Password policy weakened in GPO or Entra ID,,V+D+E,Windows collector + validator (event-driven; schedule per org) · Policies / procedures / SSP governance (policy_review register) · Operational registers per cadence_hint in cmmc_l2_register_evidence_map,control_bin: control-bins.ts; os: os-evidence-nist-manifest.json; registers: cmmc_l2_register_evidence_map.v1.json; intel: control-intelligence.ts; titles: src/data/cmmc/nist_sp_800_171_control_titles.json + vault lineage
3.5.7,IA.L2-3.5.7,IA,Identification and Authentication,Enforce minimum password complexity and change requirements,1,Identification and Authentication,pure_technical,no,no,yes,STRONG,policy/account-policy.txt|policy/secpol.cfg,Collect-Cui-Evidence-v2.ps1 bundle paths; validate_windows_server_hardening.py for OS 73 manifest alignment,no,no,none,ssp_reference_primary,authenticator_mgmt,yes,authenticator_mgmt=Per issuance/reset/revocation event,implemented,OS_collector,continuous,no,no,,Examiner will verify all complexity parameters. CMMC requires minimum complexity — common finding is max age too long or history too short.,Password complexity GPO weakened or Entra ID policy not aligned with GPO,,V+E,Windows collector + validator (event-driven; schedule per org) · Operational registers per cadence_hint in cmmc_l2_register_evidence_map,control_bin: control-bins.ts; os: os-evidence-nist-manifest.json; registers: cmmc_l2_register_evidence_map.v1.json; intel: control-intelligence.ts; titles: src/data/cmmc/nist_sp_800_171_control_titles.json + vault lineage
3.5.8,IA.L2-3.5.8,IA,Identification and Authentication,Prohibit password reuse for a specified number of generations,1,Identification and Authentication,pure_technical,no,no,yes,STRONG,policy/account-policy.txt|policy/secpol.cfg,Collect-Cui-Evidence-v2.ps1 bundle paths; validate_windows_server_hardening.py for OS 73 manifest alignment,no,no,none,ssp_reference_primary,authenticator_mgmt,yes,authenticator_mgmt=Per issuance/reset/revocation event,implemented,OS_collector,continuous,no,no,,Examiner will check the history count. CMMC commonly requires at least 24 generations of history.,Password history reduced in GPO or Entra ID,,V+E,Windows collector + validator (event-driven; schedule per org) · Operational registers per cadence_hint in cmmc_l2_register_evidence_map,control_bin: control-bins.ts; os: os-evidence-nist-manifest.json; registers: cmmc_l2_register_evidence_map.v1.json; intel: control-intelligence.ts; titles: src/data/cmmc/nist_sp_800_171_control_titles.json + vault lineage
3.5.9,IA.L2-3.5.9,IA,Identification and Authentication,Allow temporary password use with immediate change requirement,1,Identification and Authentication,hybrid_technical,yes,no,yes,PARTIAL,policy/secpol.cfg|policy/local-accounts.txt,Collect-Cui-Evidence-v2.ps1 bundle paths; validate_windows_server_hardening.py for OS 73 manifest alignment,no,no,none,governance_package_heavy,authenticator_mgmt,yes,authenticator_mgmt=Per issuance/reset/revocation event,implemented,OS_collector|Governance_manifest,per_event,yes,no,,"Examiner will ask: when you reset a password for a user, must they change it immediately? Will check GPO for password change at next logon enforcement.",Admin resets password without requiring change at next logon,,V+D+E,Windows collector + validator (event-driven; schedule per org) · Policies / procedures / SSP governance (policy_review register) · Operational registers per cadence_hint in cmmc_l2_register_evidence_map,control_bin: control-bins.ts; os: os-evidence-nist-manifest.json; registers: cmmc_l2_register_evidence_map.v1.json; intel: control-intelligence.ts; titles: src/data/cmmc/nist_sp_800_171_control_titles.json + vault lineage
3.5.10,IA.L2-3.5.10,IA,Identification and Authentication,Store and transmit only cryptographically-protected passwords,5,Identification and Authentication,hybrid_technical,yes,no,yes,PARTIAL,crypto/fips.txt|policy/lsa.txt,Collect-Cui-Evidence-v2.ps1 bundle paths; validate_windows_server_hardening.py for OS 73 manifest alignment,no,no,none,governance_package_heavy,authenticator_mgmt,yes,authenticator_mgmt=Per issuance/reset/revocation event,implemented,OS_collector,continuous,no,no,,Examiner will check that reversible password encryption is disabled. Will verify LAPS is in use for local admin accounts.,Reversible password encryption enabled or LAPS disabled,,V+D+E,Windows collector + validator (event-driven; schedule per org) · Policies / procedures / SSP governance (policy_review register) · Operational registers per cadence_hint in cmmc_l2_register_evidence_map,control_bin: control-bins.ts; os: os-evidence-nist-manifest.json; registers: cmmc_l2_register_evidence_map.v1.json; intel: control-intelligence.ts; titles: src/data/cmmc/nist_sp_800_171_control_titles.json + vault lineage
3.5.11,IA.L2-3.5.11,IA,Identification and Authentication,Obscure feedback of authentication information,1,Identification and Authentication,hybrid_technical,yes,no,yes,PARTIAL,policy/auth-ux-policy.txt|policy/interactive-logon-notice.txt,Collect-Cui-Evidence-v2.ps1 bundle paths; validate_windows_server_hardening.py for OS 73 manifest alignment,no,no,none,governance_package_heavy,authenticator_mgmt,yes,authenticator_mgmt=Per issuance/reset/revocation event,implemented,OS_collector|Governance_manifest,annual,yes,no,,Examiner will visually verify password fields show masked characters. This is a simple visual check.,Custom application discovered displaying password in clear text,,V+D+E,Windows collector + validator (event-driven; schedule per org) · Policies / procedures / SSP governance (policy_review register) · Operational registers per cadence_hint in cmmc_l2_register_evidence_map,control_bin: control-bins.ts; os: os-evidence-nist-manifest.json; registers: cmmc_l2_register_evidence_map.v1.json; intel: control-intelligence.ts; titles: src/data/cmmc/nist_sp_800_171_control_titles.json + vault lineage
3.6.1,IR.L2-3.6.1,IR,Incident Response,Establish operational incident-handling capability,5,Incident Response,pure_governance,no,no,no,n/a,,Not in enclave OS manifest (37 controls) — use other lanes,no,no,none,governance_package_heavy,incident_log,yes,incident_log=Per incident + exercises/tests,partial,Governance_manifest,annual,yes,yes,incident_log,Examiner will ask: when was your last incident? What happened? What did you do? Will also ask about tabletop exercises. IRP alone is not enough — you must demonstrate an active capability.,No tabletop exercise conducted in 12 months or incident log is empty when incidents should have occurred,,D+E,Policies / procedures / SSP governance (policy_review register) · Operational registers per cadence_hint in cmmc_l2_register_evidence_map,control_bin: control-bins.ts; registers: cmmc_l2_register_evidence_map.v1.json; intel: control-intelligence.ts; titles: src/data/cmmc/nist_sp_800_171_control_titles.json + vault lineage
3.6.2,IR.L2-3.6.2,IR,Incident Response,"Track, document, and report incidents",5,Incident Response,pure_governance,no,no,no,n/a,,Not in enclave OS manifest (37 controls) — use other lanes,no,no,none,governance_package_heavy,incident_log,yes,incident_log=Per incident + exercises/tests,partial,Governance_manifest,annual,yes,yes,incident_log,"Examiner will specifically ask: are you registered on DIBNet? Do you have a US-CERT account? If a CUI incident occurred, would you know to report it within 72 hours?",DIBNet account expired or 72-hour reporting timeline not documented in IRP,,D+E,Policies / procedures / SSP governance (policy_review register) · Operational registers per cadence_hint in cmmc_l2_register_evidence_map,control_bin: control-bins.ts; registers: cmmc_l2_register_evidence_map.v1.json; intel: control-intelligence.ts; titles: src/data/cmmc/nist_sp_800_171_control_titles.json + vault lineage
3.6.3,IR.L2-3.6.3,IR,Incident Response,Test the organizational incident response capability,1,Incident Response,pure_governance,no,no,no,n/a,,Not in enclave OS manifest (37 controls) — use other lanes,no,no,none,governance_package_heavy,incident_log|assessment_findings,yes,incident_log=Per incident + exercises/tests; assessment_findings=Per assessment + retests,partial,Governance_manifest,annual,yes,yes,incident_log,"Examiner will ask for the most recent tabletop exercise documentation. Will review the scenario, who participated, what issues were identified, and what was fixed.",Tabletop exercise not conducted in 12 months,,D+E,Policies / procedures / SSP governance (policy_review register) · Operational registers per cadence_hint in cmmc_l2_register_evidence_map,control_bin: control-bins.ts; registers: cmmc_l2_register_evidence_map.v1.json; intel: control-intelligence.ts; titles: src/data/cmmc/nist_sp_800_171_control_titles.json + vault lineage
3.7.1,MA.L2-3.7.1,MA,Maintenance,Perform maintenance on organizational systems,3,Maintenance,hybrid_technical,yes,no,yes,PARTIAL,host/services-security-relevant.txt|meta/collector-transcript.txt,Collect-Cui-Evidence-v2.ps1 bundle paths; validate_windows_server_hardening.py for OS 73 manifest alignment,no,no,none,governance_package_heavy,maintenance_log,yes,maintenance_log=Per maintenance event,partial,Governance_manifest,per_event,yes,yes,maintenance_log,Examiner will ask to see the maintenance log. Will look for pattern: is maintenance being tracked? Was anyone unauthorized performing maintenance?,Maintenance performed without logging or by unauthorized person,,V+D+E,Windows collector + validator (event-driven; schedule per org) · Policies / procedures / SSP governance (policy_review register) · Operational registers per cadence_hint in cmmc_l2_register_evidence_map,control_bin: control-bins.ts; os: os-evidence-nist-manifest.json; registers: cmmc_l2_register_evidence_map.v1.json; intel: control-intelligence.ts; titles: src/data/cmmc/nist_sp_800_171_control_titles.json + vault lineage
3.7.2,MA.L2-3.7.2,MA,Maintenance,"Provide controls on the tools, techniques, mechanisms, and personnel for maintenance",5,Maintenance,hybrid_technical,yes,no,yes,PARTIAL,policy/local-admins.txt|network/firewall-rules-summary.txt|host/services-remote.txt,Collect-Cui-Evidence-v2.ps1 bundle paths; validate_windows_server_hardening.py for OS 73 manifest alignment,no,no,none,governance_package_heavy,maintenance_log,yes,maintenance_log=Per maintenance event,implemented,Governance_manifest,annual,yes,yes,maintenance_log,Examiner will ask: who is authorized to perform maintenance? How do you verify they are authorized before giving access?,Unauthorized person performs maintenance without documented approval,,V+D+E,Windows collector + validator (event-driven; schedule per org) · Policies / procedures / SSP governance (policy_review register) · Operational registers per cadence_hint in cmmc_l2_register_evidence_map,control_bin: control-bins.ts; os: os-evidence-nist-manifest.json; registers: cmmc_l2_register_evidence_map.v1.json; intel: control-intelligence.ts; titles: src/data/cmmc/nist_sp_800_171_control_titles.json + vault lineage
3.7.3,MA.L2-3.7.3,MA,Maintenance,Ensure equipment removed for off-site maintenance is sanitized,1,Maintenance,hybrid_governance,yes,yes,no,n/a,,Not in enclave OS manifest (37 controls) — use other lanes,no,no,none,governance_package_heavy,maintenance_log|change_log,yes,maintenance_log=Per maintenance event; change_log=Per change request/approval/implementation,partial,Governance_manifest,per_event,yes,yes,media_destruction,Examiner will ask: what happens when you retire a hard drive or VM disk? Can you show me records of the last 3 sanitizations? NIST 800-88 method must be documented.,Device disposed of without sanitization record or certificate of destruction,,D+E,Policies / procedures / SSP governance (policy_review register) · Operational registers per cadence_hint in cmmc_l2_register_evidence_map,control_bin: control-bins.ts; registers: cmmc_l2_register_evidence_map.v1.json; intel: control-intelligence.ts; titles: src/data/cmmc/nist_sp_800_171_control_titles.json + vault lineage
3.7.4,MA.L2-3.7.4,MA,Maintenance,Check media containing diagnostic programs for malicious code,3,Maintenance,hybrid_governance,yes,yes,no,n/a,,Not in enclave OS manifest (37 controls) — use other lanes,no,no,none,governance_package_heavy,maintenance_log|change_log,yes,maintenance_log=Per maintenance event; change_log=Per change request/approval/implementation,partial,OS_collector|Governance_manifest,annual,yes,yes,baseline_config,Examiner will ask: what tools can be used for maintenance? Is there an approved list? Will check if unauthorized remote access tools are installed.,"Unauthorized remote access tool found installed (TeamViewer, AnyDesk, etc.)",,D+E,Policies / procedures / SSP governance (policy_review register) · Operational registers per cadence_hint in cmmc_l2_register_evidence_map,control_bin: control-bins.ts; registers: cmmc_l2_register_evidence_map.v1.json; intel: control-intelligence.ts; titles: src/data/cmmc/nist_sp_800_171_control_titles.json + vault lineage
3.7.5,MA.L2-3.7.5,MA,Maintenance,Require MFA to establish remote maintenance sessions,5,Maintenance,hybrid_technical,yes,no,yes,PARTIAL,network/rdp-policy.txt|network/rdp-tcp.txt|policy/local-remote-desktop-users.txt,Collect-Cui-Evidence-v2.ps1 bundle paths; validate_windows_server_hardening.py for OS 73 manifest alignment,no,yes,azure_entra_7_only,governance_package_heavy,maintenance_log,yes,maintenance_log=Per maintenance event,implemented,OS_collector,continuous,no,yes,maintenance_log,Examiner will ask to see records of remote maintenance sessions. Will verify sessions are authenticated and logged.,Remote maintenance session conducted without VPN or without logging,,V+Z+D+E,Windows collector + validator (event-driven; schedule per org) · Azure CLI / Entra export (export_azure_evidence.sh; monthly + on change) · Policies / procedures / SSP governance (policy_review register) · Operational registers per cadence_hint in cmmc_l2_register_evidence_map,control_bin: control-bins.ts; os: os-evidence-nist-manifest.json; registers: cmmc_l2_register_evidence_map.v1.json; intel: control-intelligence.ts; titles: src/data/cmmc/nist_sp_800_171_control_titles.json + vault lineage
3.7.6,MA.L2-3.7.6,MA,Maintenance,Supervise maintenance activities of personnel without required access authorization,3,Maintenance,pure_governance,no,no,no,n/a,,Not in enclave OS manifest (37 controls) — use other lanes,no,no,none,governance_package_heavy,maintenance_log,yes,maintenance_log=Per maintenance event,partial,Governance_manifest,per_event,yes,yes,personnel_screening,Examiner will ask: are maintenance personnel screened? Can you show documentation? Are they supervised when performing maintenance on CUI systems?,Maintenance performed by unscreened third-party without supervision,,D+E,Policies / procedures / SSP governance (policy_review register) · Operational registers per cadence_hint in cmmc_l2_register_evidence_map,control_bin: control-bins.ts; registers: cmmc_l2_register_evidence_map.v1.json; intel: control-intelligence.ts; titles: src/data/cmmc/nist_sp_800_171_control_titles.json + vault lineage
3.8.1,MP.L2-3.8.1,MP,Media Protection,"Protect system media containing CUI, both paper and digital",3,Media Protection,hybrid_technical,yes,no,yes,PARTIAL,storage/bitlocker-status.txt|storage/removable-storage-policies.txt,Collect-Cui-Evidence-v2.ps1 bundle paths; validate_windows_server_hardening.py for OS 73 manifest alignment,no,no,none,governance_package_heavy,media_access,yes,media_access=Per removable media use/exception approval,partial,OS_collector|Governance_manifest,annual,yes,no,,Examiner will ask: how do you protect CUI on physical media? Can CUI be copied to USB? How do you label physical media containing CUI?,USB policy changed allowing storage devices or physical media found without CUI marking,,V+D+E,Windows collector + validator (event-driven; schedule per org) · Policies / procedures / SSP governance (policy_review register) · Operational registers per cadence_hint in cmmc_l2_register_evidence_map,control_bin: control-bins.ts; os: os-evidence-nist-manifest.json; registers: cmmc_l2_register_evidence_map.v1.json; intel: control-intelligence.ts; titles: src/data/cmmc/nist_sp_800_171_control_titles.json + vault lineage
3.8.2,MP.L2-3.8.2,MP,Media Protection,Limit access to CUI on system media to authorized users,1,Media Protection,hybrid_technical,yes,no,yes,PARTIAL,storage/bitlocker-status.txt|policy/local-accounts.txt,Collect-Cui-Evidence-v2.ps1 bundle paths; validate_windows_server_hardening.py for OS 73 manifest alignment,no,no,none,governance_package_heavy,media_access,yes,media_access=Per removable media use/exception approval,implemented,OS_collector,continuous,no,no,,Examiner will check file permissions on CUI storage locations. Will verify non-authorized users cannot access CUI directories.,File permissions changed allowing unauthorized access to CUI storage,,V+D+E,Windows collector + validator (event-driven; schedule per org) · Policies / procedures / SSP governance (policy_review register) · Operational registers per cadence_hint in cmmc_l2_register_evidence_map,control_bin: control-bins.ts; os: os-evidence-nist-manifest.json; registers: cmmc_l2_register_evidence_map.v1.json; intel: control-intelligence.ts; titles: src/data/cmmc/nist_sp_800_171_control_titles.json + vault lineage
3.8.3,MP.L2-3.8.3,MP,Media Protection,Sanitize or destroy system media before disposal or reuse,5,Media Protection,hybrid_governance,yes,no,no,n/a,,Not in enclave OS manifest (37 controls) — use other lanes,no,no,none,governance_package_heavy,media_access,yes,media_access=Per removable media use/exception approval,partial,Governance_manifest,per_event,yes,yes,media_destruction,Examiner will ask for sanitization records. Will check that the method meets NIST 800-88 requirements for the media type. Common finding: no records kept.,Sanitization performed without documentation or wrong NIST 800-88 method for media type,,D+E,Policies / procedures / SSP governance (policy_review register) · Operational registers per cadence_hint in cmmc_l2_register_evidence_map,control_bin: control-bins.ts; registers: cmmc_l2_register_evidence_map.v1.json; intel: control-intelligence.ts; titles: src/data/cmmc/nist_sp_800_171_control_titles.json + vault lineage
3.8.4,MP.L2-3.8.4,MP,Media Protection,Mark media with necessary CUI markings and distribution limitations,1,Media Protection,hybrid_governance,yes,no,no,n/a,,Not in enclave OS manifest (37 controls) — use other lanes,no,no,none,governance_package_heavy,media_access,yes,media_access=Per removable media use/exception approval,partial,Governance_manifest,annual,yes,no,,Examiner will look at actual files and ask: are they marked as CUI? Will check email practices. Will ask users how they mark CUI documents.,CUI documents found without proper CUI marking in file names or headers,,D+E,Policies / procedures / SSP governance (policy_review register) · Operational registers per cadence_hint in cmmc_l2_register_evidence_map,control_bin: control-bins.ts; registers: cmmc_l2_register_evidence_map.v1.json; intel: control-intelligence.ts; titles: src/data/cmmc/nist_sp_800_171_control_titles.json + vault lineage
3.8.5,MP.L2-3.8.5,MP,Media Protection,Control access to media containing CUI during transport,1,Media Protection,hybrid_technical,yes,no,yes,PARTIAL,storage/bitlocker-status.txt|crypto/fips.txt,Collect-Cui-Evidence-v2.ps1 bundle paths; validate_windows_server_hardening.py for OS 73 manifest alignment,no,no,none,governance_package_heavy,media_destruction,yes,media_destruction=Per sanitization/destruction event,partial,Governance_manifest,per_event,yes,yes,media_access,Examiner will ask: do you ever transport physical media containing CUI? If yes — is it encrypted? Is there a chain of custody record?,Physical CUI media transported without chain of custody documentation,,V+D+E,Windows collector + validator (event-driven; schedule per org) · Policies / procedures / SSP governance (policy_review register) · Operational registers per cadence_hint in cmmc_l2_register_evidence_map,control_bin: control-bins.ts; os: os-evidence-nist-manifest.json; registers: cmmc_l2_register_evidence_map.v1.json; intel: control-intelligence.ts; titles: src/data/cmmc/nist_sp_800_171_control_titles.json + vault lineage
3.8.6,MP.L2-3.8.6,MP,Media Protection,Implement cryptographic mechanisms to protect CUI during transport,3,Media Protection,pure_technical,no,no,yes,STRONG,storage/bitlocker-status.txt,Collect-Cui-Evidence-v2.ps1 bundle paths; validate_windows_server_hardening.py for OS 73 manifest alignment,no,no,none,ssp_reference_primary,media_destruction,yes,media_destruction=Per sanitization/destruction event,implemented,OS_collector,continuous,no,no,,Examiner will check USB storage GPO setting. Will attempt to plug in a USB drive (if permitted during assessment) to verify it is blocked.,USB storage policy GPO changed to allow removable storage,,V+E,Windows collector + validator (event-driven; schedule per org) · Operational registers per cadence_hint in cmmc_l2_register_evidence_map,control_bin: control-bins.ts; os: os-evidence-nist-manifest.json; registers: cmmc_l2_register_evidence_map.v1.json; intel: control-intelligence.ts; titles: src/data/cmmc/nist_sp_800_171_control_titles.json + vault lineage
3.8.7,MP.L2-3.8.7,MP,Media Protection,Control the use of removable media on system components,5,Media Protection,pure_technical,no,no,yes,STRONG,storage/removable-storage-policies.txt|storage/usbstor.txt,Collect-Cui-Evidence-v2.ps1 bundle paths; validate_windows_server_hardening.py for OS 73 manifest alignment,no,no,none,ssp_reference_primary,media_destruction,yes,media_destruction=Per sanitization/destruction event,partial,OS_collector|Governance_manifest,annual,yes,no,,Examiner will ask: is there any removable media in use? If so — how is it encrypted? Is there an approved list of authorized devices?,Approved removable media device found without encryption or not on authorized device list,,V+E,Windows collector + validator (event-driven; schedule per org) · Operational registers per cadence_hint in cmmc_l2_register_evidence_map,control_bin: control-bins.ts; os: os-evidence-nist-manifest.json; registers: cmmc_l2_register_evidence_map.v1.json; intel: control-intelligence.ts; titles: src/data/cmmc/nist_sp_800_171_control_titles.json + vault lineage
3.8.8,MP.L2-3.8.8,MP,Media Protection,Prohibit the use of portable storage without identifiable owner,1,Media Protection,hybrid_technical,yes,no,yes,PARTIAL,storage/removable-storage-policies.txt|policy/secpol.cfg,Collect-Cui-Evidence-v2.ps1 bundle paths; validate_windows_server_hardening.py for OS 73 manifest alignment,no,no,none,governance_package_heavy,media_destruction,yes,media_destruction=Per sanitization/destruction event,implemented,OS_collector,continuous,no,no,,Examiner will look for any shared drives accessible by unauthorized users or without authentication.,New network share created with anonymous or broad read access on CUI data,,V+D+E,Windows collector + validator (event-driven; schedule per org) · Policies / procedures / SSP governance (policy_review register) · Operational registers per cadence_hint in cmmc_l2_register_evidence_map,control_bin: control-bins.ts; os: os-evidence-nist-manifest.json; registers: cmmc_l2_register_evidence_map.v1.json; intel: control-intelligence.ts; titles: src/data/cmmc/nist_sp_800_171_control_titles.json + vault lineage
3.8.9,MP.L2-3.8.9,MP,Media Protection,Protect the backup copies of CUI,3,Media Protection,hybrid_governance,yes,no,no,n/a,,Not in enclave OS manifest (37 controls) — use other lanes,no,no,none,governance_package_heavy,media_destruction,yes,media_destruction=Per sanitization/destruction event,implemented,Azure_Gov_FedRAMP_or_Entra|Governance_manifest,annual,yes,no,,Examiner will ask: how are backups protected? Can someone access a backup and extract CUI without authorization? Will check encryption and access controls on backup storage.,Azure Backup encryption disabled or backup access permissions broadened,,D+E,Policies / procedures / SSP governance (policy_review register) · Operational registers per cadence_hint in cmmc_l2_register_evidence_map,control_bin: control-bins.ts; registers: cmmc_l2_register_evidence_map.v1.json; intel: control-intelligence.ts; titles: src/data/cmmc/nist_sp_800_171_control_titles.json + vault lineage
3.9.1,PS.L2-3.9.1,PS,Personnel Security,Screen individuals prior to authorizing access to organizational systems containing CUI,3,Personnel Security,pure_governance,no,no,no,n/a,,Not in enclave OS manifest (37 controls) — use other lanes,no,no,none,governance_package_heavy,personnel_screening,yes,personnel_screening=Per onboarding event,partial,Governance_manifest,per_event,yes,yes,personnel_screening,Examiner will cross-reference the user access list against the screening register. Any authorized user without a screening record is a finding. Will ask about contractor screening requirements.,User granted CUI access without completed screening record on file,,D+E,Policies / procedures / SSP governance (policy_review register) · Operational registers per cadence_hint in cmmc_l2_register_evidence_map,control_bin: control-bins.ts; registers: cmmc_l2_register_evidence_map.v1.json; intel: control-intelligence.ts; titles: src/data/cmmc/nist_sp_800_171_control_titles.json + vault lineage
3.9.2,PS.L2-3.9.2,PS,Personnel Security,Ensure CUI is protected during and after personnel actions (termination/transfer),3,Personnel Security,pure_governance,no,no,no,n/a,,Not in enclave OS manifest (37 controls) — use other lanes,no,no,none,governance_package_heavy,termination,yes,termination=Per offboarding event (same-day recommended),partial,OS_collector|Governance_manifest,per_event,yes,yes,termination,Examiner will ask: what happens when someone leaves? Can you show me the last 3 terminations? A former employee account still active is a critical finding.,Former employee account found active after termination date,,D+E,Policies / procedures / SSP governance (policy_review register) · Operational registers per cadence_hint in cmmc_l2_register_evidence_map,control_bin: control-bins.ts; registers: cmmc_l2_register_evidence_map.v1.json; intel: control-intelligence.ts; titles: src/data/cmmc/nist_sp_800_171_control_titles.json + vault lineage
3.10.1,PE.L2-3.10.1,PE,Physical Protection,Limit physical access to authorized individuals,3,Physical Protection,pure_technical,no,no,no,n/a,,Not in enclave OS manifest (37 controls) — use other lanes,yes,no,fedramp_pe_inheritance_only,ssp_reference_primary,facility_access,yes,facility_access=Continuous via badge system; reviewed monthly,inherited,Azure_Gov_FedRAMP_or_Entra,annual,no,yes,control_monitoring,Examiner will accept Azure Government FedRAMP package as evidence for all PE controls. Will ask: are you using Azure Government? Is the FedRAMP authorization current?,Azure Government FedRAMP authorization lapses or MacTech migrates infrastructure off Azure Government,Azure Government FedRAMP High authorization (Agency ATO). Physical security of infrastructure is Microsoft's responsibility under the shared responsibility model.,C+E,FedRAMP physical inheritance (3.10.1–3.10.5) · Operational registers per cadence_hint in cmmc_l2_register_evidence_map,control_bin: control-bins.ts; registers: cmmc_l2_register_evidence_map.v1.json; intel: control-intelligence.ts; titles: src/data/cmmc/nist_sp_800_171_control_titles.json + vault lineage
3.10.2,PE.L2-3.10.2,PE,Physical Protection,Protect and monitor the physical facility and support infrastructure,3,Physical Protection,pure_technical,no,no,no,n/a,,Not in enclave OS manifest (37 controls) — use other lanes,yes,no,fedramp_pe_inheritance_only,ssp_reference_primary,facility_access,yes,facility_access=Continuous via badge system; reviewed monthly,inherited,Azure_Gov_FedRAMP_or_Entra,annual,no,yes,control_monitoring,See 3.10.1.,Azure Government FedRAMP authorization lapses,"Azure Government FedRAMP High. Physical access control devices (badge readers, mantrap, biometrics) managed by Microsoft.",C+E,FedRAMP physical inheritance (3.10.1–3.10.5) · Operational registers per cadence_hint in cmmc_l2_register_evidence_map,control_bin: control-bins.ts; registers: cmmc_l2_register_evidence_map.v1.json; intel: control-intelligence.ts; titles: src/data/cmmc/nist_sp_800_171_control_titles.json + vault lineage
3.10.3,PE.L2-3.10.3,PE,Physical Protection,Escort visitors and monitor visitor activity,3,Physical Protection,pure_technical,no,no,no,n/a,,Not in enclave OS manifest (37 controls) — use other lanes,yes,no,fedramp_pe_inheritance_only,ssp_reference_primary,visitor_log,yes,visitor_log=Per visitor entry,partial,Azure_Gov_FedRAMP_or_Entra|Governance_manifest,per_event,yes,yes,visitor_log,Examiner will ask: can visitors access areas where CUI endpoints are located? Is there a visitor log? Azure datacenter visits are covered by FedRAMP.,Visitor accesses area with CUI endpoints without escort or log entry,Azure datacenter: fully inherited. Customer office/endpoint locations: MAC-SOP-249 required.,C+E,FedRAMP physical inheritance (3.10.1–3.10.5) · Operational registers per cadence_hint in cmmc_l2_register_evidence_map,control_bin: control-bins.ts; registers: cmmc_l2_register_evidence_map.v1.json; intel: control-intelligence.ts; titles: src/data/cmmc/nist_sp_800_171_control_titles.json + vault lineage
3.10.4,PE.L2-3.10.4,PE,Physical Protection,Maintain audit logs of physical access,1,Physical Protection,pure_technical,no,no,no,n/a,,Not in enclave OS manifest (37 controls) — use other lanes,yes,no,fedramp_pe_inheritance_only,ssp_reference_primary,visitor_log|facility_access,yes,visitor_log=Per visitor entry; facility_access=Continuous via badge system; reviewed monthly,inherited,Azure_Gov_FedRAMP_or_Entra,annual,no,yes,control_monitoring,See 3.10.1.,Azure Government FedRAMP authorization lapses,Azure Government FedRAMP High. Physical access logs maintained by Microsoft.,C+E,FedRAMP physical inheritance (3.10.1–3.10.5) · Operational registers per cadence_hint in cmmc_l2_register_evidence_map,control_bin: control-bins.ts; registers: cmmc_l2_register_evidence_map.v1.json; intel: control-intelligence.ts; titles: src/data/cmmc/nist_sp_800_171_control_titles.json + vault lineage
3.10.5,PE.L2-3.10.5,PE,Physical Protection,Control and manage physical access devices,5,Physical Protection,pure_technical,no,no,no,n/a,,Not in enclave OS manifest (37 controls) — use other lanes,yes,no,fedramp_pe_inheritance_only,ssp_reference_primary,visitor_log|facility_access,yes,visitor_log=Per visitor entry; facility_access=Continuous via badge system; reviewed monthly,inherited,Azure_Gov_FedRAMP_or_Entra,annual,no,yes,control_monitoring,See 3.10.1.,Azure Government FedRAMP authorization lapses,Azure Government FedRAMP High. Physical monitoring systems managed by Microsoft.,C+E,FedRAMP physical inheritance (3.10.1–3.10.5) · Operational registers per cadence_hint in cmmc_l2_register_evidence_map,control_bin: control-bins.ts; registers: cmmc_l2_register_evidence_map.v1.json; intel: control-intelligence.ts; titles: src/data/cmmc/nist_sp_800_171_control_titles.json + vault lineage
3.10.6,PE.L2-3.10.6,PE,Physical Protection,Enforce safeguarding measures for CUI at alternate work sites,3,Physical Protection,hybrid_governance,yes,yes,no,n/a,,Not in enclave OS manifest (37 controls) — use other lanes,no,no,none,governance_package_heavy,facility_access,yes,facility_access=Continuous via badge system; reviewed monthly,partial,Governance_manifest,annual,yes,yes,access_authorization,Examiner will ask: do you have remote workers? What security requirements do they follow at home? Will ask for the remote work policy and signed acknowledgments.,Remote worker accessing CUI from unapproved location or without signed acknowledgment,,D+E,Policies / procedures / SSP governance (policy_review register) · Operational registers per cadence_hint in cmmc_l2_register_evidence_map,control_bin: control-bins.ts; registers: cmmc_l2_register_evidence_map.v1.json; intel: control-intelligence.ts; titles: src/data/cmmc/nist_sp_800_171_control_titles.json + vault lineage
3.11.1,RA.L2-3.11.1,RA,Risk Assessment,Periodically assess risk to organizational operations and assets,3,Risk Assessment,pure_governance,no,no,no,n/a,,Not in enclave OS manifest (37 controls) — use other lanes,no,no,none,governance_package_heavy,risk_register,yes,risk_register=Monthly/quarterly updates + after major events,partial,Governance_manifest,annual,yes,yes,risk_register,Examiner will ask for the most recent risk assessment. Will check the date — must be within 12 months. Will review methodology. A missing or outdated risk assessment is a common finding.,Risk assessment not updated in 12 months or no formal risk assessment on file,,D+E,Policies / procedures / SSP governance (policy_review register) · Operational registers per cadence_hint in cmmc_l2_register_evidence_map,control_bin: control-bins.ts; registers: cmmc_l2_register_evidence_map.v1.json; intel: control-intelligence.ts; titles: src/data/cmmc/nist_sp_800_171_control_titles.json + vault lineage
3.11.2,RA.L2-3.11.2,RA,Risk Assessment,Scan for vulnerabilities in organizational systems and applications,5,Risk Assessment,hybrid_technical,yes,no,yes,PARTIAL,defender/defender-status.txt|host/hotfixes.txt|host/windows-update-services.txt,Collect-Cui-Evidence-v2.ps1 bundle paths; validate_windows_server_hardening.py for OS 73 manifest alignment,no,no,none,governance_package_heavy,risk_register|vuln_remediation,yes,risk_register=Monthly/quarterly updates + after major events; vuln_remediation=Continuous + patch/vuln cycle,partial,OS_collector|Azure_Gov_FedRAMP_or_Entra|Governance_manifest,monthly,yes,yes,vuln_remediation,Examiner will ask: how often do you scan for vulnerabilities? Can you show me the last scan results? How do you track remediation? High/Critical CVEs must have remediation timelines.,Vulnerability scan not performed in 30 days or Critical CVE open > 15 days without documented exception,,V+D+E,Windows collector + validator (event-driven; schedule per org) · Policies / procedures / SSP governance (policy_review register) · Operational registers per cadence_hint in cmmc_l2_register_evidence_map,control_bin: control-bins.ts; os: os-evidence-nist-manifest.json; registers: cmmc_l2_register_evidence_map.v1.json; intel: control-intelligence.ts; titles: src/data/cmmc/nist_sp_800_171_control_titles.json + vault lineage
3.11.3,RA.L2-3.11.3,RA,Risk Assessment,Remediate vulnerabilities in accordance with assessments of risk,3,Risk Assessment,hybrid_technical,yes,no,yes,PARTIAL,host/hotfixes.txt|defender/defender-scan-ages.txt,Collect-Cui-Evidence-v2.ps1 bundle paths; validate_windows_server_hardening.py for OS 73 manifest alignment,no,no,none,governance_package_heavy,risk_register,yes,risk_register=Monthly/quarterly updates + after major events,partial,OS_collector|Azure_Gov_FedRAMP_or_Entra|Governance_manifest,per_event,yes,yes,vuln_remediation,Examiner will count: how many open vulnerabilities do you have? How old is the oldest one? Will look for Critical/High CVEs with no remediation plan.,Critical or High CVE open beyond remediation timeline without approved exception,,V+D+E,Windows collector + validator (event-driven; schedule per org) · Policies / procedures / SSP governance (policy_review register) · Operational registers per cadence_hint in cmmc_l2_register_evidence_map,control_bin: control-bins.ts; os: os-evidence-nist-manifest.json; registers: cmmc_l2_register_evidence_map.v1.json; intel: control-intelligence.ts; titles: src/data/cmmc/nist_sp_800_171_control_titles.json + vault lineage
3.12.1,CA.L2-3.12.1,CA,Security Assessment,Periodically assess the security controls in organizational systems,3,Security Assessment,pure_governance,no,no,no,n/a,,Not in enclave OS manifest (37 controls) — use other lanes,no,no,none,governance_package_heavy,assessment_findings|control_monitoring,yes,assessment_findings=Per assessment + retests; control_monitoring=Weekly/monthly attestations + automated checks,partial,Governance_manifest,annual,yes,yes,assessment_findings,Examiner will ask: when did you last assess your security controls? Who conducted it? What did you find? Will look for assessment report and resulting POA&M items.,Annual assessment not conducted or assessment report not available,,D+E,Policies / procedures / SSP governance (policy_review register) · Operational registers per cadence_hint in cmmc_l2_register_evidence_map,control_bin: control-bins.ts; registers: cmmc_l2_register_evidence_map.v1.json; intel: control-intelligence.ts; titles: src/data/cmmc/nist_sp_800_171_control_titles.json + vault lineage
3.12.2,CA.L2-3.12.2,CA,Security Assessment,Develop and implement plans of action to correct deficiencies,3,Security Assessment,pure_governance,no,no,no,n/a,,Not in enclave OS manifest (37 controls) — use other lanes,no,no,none,governance_package_heavy,poam,yes,poam=Weekly/biweekly updates until closure,implemented,Governance_manifest,ongoing,yes,yes,poam,Examiner will ask to see the POA&M. Will check: are all known gaps listed? Do items have realistic timelines? Are items being closed? An empty POA&M when gaps exist is suspicious.,Known gap not in POA&M or POA&M items with no milestones or past-due without update,,D+E,Policies / procedures / SSP governance (policy_review register) · Operational registers per cadence_hint in cmmc_l2_register_evidence_map,control_bin: control-bins.ts; registers: cmmc_l2_register_evidence_map.v1.json; intel: control-intelligence.ts; titles: src/data/cmmc/nist_sp_800_171_control_titles.json + vault lineage
3.12.3,CA.L2-3.12.3,CA,Security Assessment,Monitor security controls on an ongoing basis,3,Security Assessment,pure_governance,no,no,no,n/a,,Not in enclave OS manifest (37 controls) — use other lanes,no,no,none,governance_package_heavy,assessment_findings|control_monitoring,yes,assessment_findings=Per assessment + retests; control_monitoring=Weekly/monthly attestations + automated checks,implemented,OS_collector|Azure_Gov_FedRAMP_or_Entra,continuous,no,yes,control_monitoring,"Examiner will ask: how do you know your controls are still working? What is your ConMon strategy? Will look for evidence of ongoing monitoring, not just a one-time setup.",OS collector not run in 30+ days or ConMon activity log shows no activity,,D+E,Policies / procedures / SSP governance (policy_review register) · Operational registers per cadence_hint in cmmc_l2_register_evidence_map,control_bin: control-bins.ts; registers: cmmc_l2_register_evidence_map.v1.json; intel: control-intelligence.ts; titles: src/data/cmmc/nist_sp_800_171_control_titles.json + vault lineage
3.12.4,CA.L2-3.12.4,CA,Security Assessment,"Develop, document, and periodically update system security plans",5,Security Assessment,pure_governance,no,no,no,n/a,,Not in enclave OS manifest (37 controls) — use other lanes,no,no,none,governance_package_heavy,policy_review,yes,policy_review=Annually + after major changes/incidents,partial,Governance_manifest,annual,yes,yes,policy_review,Examiner will read the SSP. Will check: does it accurately describe the current system? Are the personnel contacts current? Is the boundary statement accurate? SSP is the first document reviewed.,SSP not updated after significant system change or personnel change,,D+E,Policies / procedures / SSP governance (policy_review register) · Operational registers per cadence_hint in cmmc_l2_register_evidence_map,control_bin: control-bins.ts; registers: cmmc_l2_register_evidence_map.v1.json; intel: control-intelligence.ts; titles: src/data/cmmc/nist_sp_800_171_control_titles.json + vault lineage
3.13.1,SC.L2-3.13.1,SC,System and Communications Protection,"Monitor, control, and protect communications at external boundaries",3,System and Communications Protection,pure_technical,no,no,yes,STRONG,network/firewall.txt|network/firewall-rules-summary.txt,Collect-Cui-Evidence-v2.ps1 bundle paths; validate_windows_server_hardening.py for OS 73 manifest alignment,no,no,none,ssp_reference_primary,control_monitoring,yes,control_monitoring=Weekly/monthly attestations + automated checks,implemented,OS_collector,continuous,no,no,,Examiner will review firewall rules looking for overly permissive rules. Will check if NSG deny-by-default posture is maintained.,New inbound firewall rule created without documented business justification,,V+E,Windows collector + validator (event-driven; schedule per org) · Operational registers per cadence_hint in cmmc_l2_register_evidence_map,control_bin: control-bins.ts; os: os-evidence-nist-manifest.json; registers: cmmc_l2_register_evidence_map.v1.json; intel: control-intelligence.ts; titles: src/data/cmmc/nist_sp_800_171_control_titles.json + vault lineage
3.13.2,SC.L2-3.13.2,SC,System and Communications Protection,Employ architectural designs to separate CUI from non-CUI,5,System and Communications Protection,hybrid_technical,yes,no,yes,PARTIAL,network/listening-ports.txt|network/firewall-rules-summary.txt|meta/manifest.json,Collect-Cui-Evidence-v2.ps1 bundle paths; validate_windows_server_hardening.py for OS 73 manifest alignment,no,no,none,governance_package_heavy,control_monitoring,yes,control_monitoring=Weekly/monthly attestations + automated checks,implemented,Governance_manifest,annual,yes,no,,Examiner will look at the system architecture. Will ask: how was security considered in the design? Will review MAC-IT-301 for evidence of security engineering principles.,Significant architecture change made without security review documentation,,V+D+E,Windows collector + validator (event-driven; schedule per org) · Policies / procedures / SSP governance (policy_review register) · Operational registers per cadence_hint in cmmc_l2_register_evidence_map,control_bin: control-bins.ts; os: os-evidence-nist-manifest.json; registers: cmmc_l2_register_evidence_map.v1.json; intel: control-intelligence.ts; titles: src/data/cmmc/nist_sp_800_171_control_titles.json + vault lineage
3.13.3,SC.L2-3.13.3,SC,System and Communications Protection,Separate user functionality from system management functionality,1,System and Communications Protection,hybrid_technical,yes,no,yes,PARTIAL,policy/local-admins.txt|host/whoami-all.txt|policy/user-rights-assignments.txt,Collect-Cui-Evidence-v2.ps1 bundle paths; validate_windows_server_hardening.py for OS 73 manifest alignment,no,no,none,governance_package_heavy,control_monitoring,yes,control_monitoring=Weekly/monthly attestations + automated checks,partial,OS_collector|Governance_manifest,annual,yes,no,,Examiner will ask: can one person both make changes and approve them? Will look for evidence that IT operations and security monitoring are performed by different people.,Single individual found with both change-making and change-approval rights,,V+D+E,Windows collector + validator (event-driven; schedule per org) · Policies / procedures / SSP governance (policy_review register) · Operational registers per cadence_hint in cmmc_l2_register_evidence_map,control_bin: control-bins.ts; os: os-evidence-nist-manifest.json; registers: cmmc_l2_register_evidence_map.v1.json; intel: control-intelligence.ts; titles: src/data/cmmc/nist_sp_800_171_control_titles.json + vault lineage
3.13.4,SC.L2-3.13.4,SC,System and Communications Protection,Prevent unauthorized and unintended information transfer,1,System and Communications Protection,hybrid_technical,yes,no,yes,PARTIAL,network/firewall-rules-summary.txt|network/smb-signing.txt|storage/removable-storage-policies.txt,Collect-Cui-Evidence-v2.ps1 bundle paths; validate_windows_server_hardening.py for OS 73 manifest alignment,no,no,none,governance_package_heavy,,no,,implemented,Azure_Gov_FedRAMP_or_Entra,continuous,no,no,,Examiner will ask: do you share infrastructure with other organizations? Azure Government single-tenant deployment answers this question.,CUI Vault resources moved to shared/multi-tenant environment,,V+D,Windows collector + validator (event-driven; schedule per org) · Policies / procedures / SSP governance (policy_review register),control_bin: control-bins.ts; os: os-evidence-nist-manifest.json; registers: cmmc_l2_register_evidence_map.v1.json; intel: control-intelligence.ts; titles: src/data/cmmc/nist_sp_800_171_control_titles.json + vault lineage
3.13.5,SC.L2-3.13.5,SC,System and Communications Protection,Implement subnetworks for publicly accessible system components,5,System and Communications Protection,hybrid_technical,yes,no,yes,PARTIAL,network/listening-ports.txt|network/firewall-rules-summary.txt,Collect-Cui-Evidence-v2.ps1 bundle paths; validate_windows_server_hardening.py for OS 73 manifest alignment,no,no,none,governance_package_heavy,control_monitoring,yes,control_monitoring=Weekly/monthly attestations + automated checks,implemented,OS_collector|Azure_Gov_FedRAMP_or_Entra,continuous,no,no,,Examiner will review network diagrams (MAC-IT-306) and ask: how is CUI traffic segmented from other traffic? Will check subnet assignments and NSG rules.,CUI subnet NSG modified to allow access from non-CUI subnets,,V+D+E,Windows collector + validator (event-driven; schedule per org) · Policies / procedures / SSP governance (policy_review register) · Operational registers per cadence_hint in cmmc_l2_register_evidence_map,control_bin: control-bins.ts; os: os-evidence-nist-manifest.json; registers: cmmc_l2_register_evidence_map.v1.json; intel: control-intelligence.ts; titles: src/data/cmmc/nist_sp_800_171_control_titles.json + vault lineage
3.13.6,SC.L2-3.13.6,SC,System and Communications Protection,Deny network communications traffic by default,5,System and Communications Protection,pure_technical,no,no,yes,STRONG,network/firewall.txt|network/firewall-rules-summary.txt,Collect-Cui-Evidence-v2.ps1 bundle paths; validate_windows_server_hardening.py for OS 73 manifest alignment,no,no,none,ssp_reference_primary,,no,,implemented,OS_collector,continuous,no,no,,Examiner will verify the NSG has a deny-all rule as the lowest-priority rule. Will check that only specific approved ports are opened.,NSG deny-all rule deleted or moved to lower priority than allow rules,,V,Windows collector + validator (event-driven; schedule per org),control_bin: control-bins.ts; os: os-evidence-nist-manifest.json; registers: cmmc_l2_register_evidence_map.v1.json; intel: control-intelligence.ts; titles: src/data/cmmc/nist_sp_800_171_control_titles.json + vault lineage
3.13.7,SC.L2-3.13.7,SC,System and Communications Protection,Prevent remote devices from simultaneously connecting to the system and other resources,1,System and Communications Protection,hybrid_governance,yes,yes,no,n/a,,Not in enclave OS manifest (37 controls) — use other lanes,no,no,none,governance_package_heavy,control_monitoring,yes,control_monitoring=Weekly/monthly attestations + automated checks,implemented,OS_collector,continuous,no,no,,"Examiner will check VPN configuration settings. Will ask: when connected to VPN, does all internet traffic also go through VPN? Split tunneling disabled = all traffic routes through VPN.",VPN configuration changed to enable split tunneling,,D+E,Policies / procedures / SSP governance (policy_review register) · Operational registers per cadence_hint in cmmc_l2_register_evidence_map,control_bin: control-bins.ts; registers: cmmc_l2_register_evidence_map.v1.json; intel: control-intelligence.ts; titles: src/data/cmmc/nist_sp_800_171_control_titles.json + vault lineage
3.13.8,SC.L2-3.13.8,SC,System and Communications Protection,Implement cryptographic mechanisms to prevent unauthorized disclosure of CUI in transit,3,System and Communications Protection,pure_technical,no,no,yes,STRONG,crypto/fips.txt|crypto/tls-ciphersuites.txt|crypto/schannel-protocols.txt,Collect-Cui-Evidence-v2.ps1 bundle paths; validate_windows_server_hardening.py for OS 73 manifest alignment,no,yes,azure_entra_7_only,ssp_reference_primary,control_monitoring,yes,control_monitoring=Weekly/monthly attestations + automated checks,implemented,OS_collector,continuous,no,no,,Examiner will check FIPS mode is enabled. Will verify TLS 1.0 and 1.1 are disabled. Will check SMB signing is required (not just enabled).,FIPS mode disabled or TLS 1.0/1.1 re-enabled,,V+Z+E,Windows collector + validator (event-driven; schedule per org) · Azure CLI / Entra export (export_azure_evidence.sh; monthly + on change) · Operational registers per cadence_hint in cmmc_l2_register_evidence_map,control_bin: control-bins.ts; os: os-evidence-nist-manifest.json; registers: cmmc_l2_register_evidence_map.v1.json; intel: control-intelligence.ts; titles: src/data/cmmc/nist_sp_800_171_control_titles.json + vault lineage
3.13.9,SC.L2-3.13.9,SC,System and Communications Protection,Terminate network connections after defined period of inactivity,1,System and Communications Protection,hybrid_technical,yes,no,yes,PARTIAL,network/firewall-rules-summary.txt|policy/machine-inactivity-limit.txt,Collect-Cui-Evidence-v2.ps1 bundle paths; validate_windows_server_hardening.py for OS 73 manifest alignment,no,no,none,governance_package_heavy,,no,,implemented,OS_collector,continuous,no,no,,Examiner will check RDP timeout values. Will verify VPN has an idle timeout configured.,RDP or VPN session timeout removed or set to unlimited,,V+D,Windows collector + validator (event-driven; schedule per org) · Policies / procedures / SSP governance (policy_review register),control_bin: control-bins.ts; os: os-evidence-nist-manifest.json; registers: cmmc_l2_register_evidence_map.v1.json; intel: control-intelligence.ts; titles: src/data/cmmc/nist_sp_800_171_control_titles.json + vault lineage
3.13.10,SC.L2-3.13.10,SC,System and Communications Protection,Establish and manage cryptographic keys,1,System and Communications Protection,hybrid_technical,yes,no,yes,PARTIAL,crypto/fips.txt|crypto/schannel-protocols.txt,Collect-Cui-Evidence-v2.ps1 bundle paths; validate_windows_server_hardening.py for OS 73 manifest alignment,no,no,none,governance_package_heavy,control_monitoring,yes,control_monitoring=Weekly/monthly attestations + automated checks,implemented,Azure_Gov_FedRAMP_or_Entra|Governance_manifest,annual,yes,yes,audit_config,Examiner will ask: where are your encryption keys stored? Who has access? When were they last rotated? Azure Key Vault is the expected answer for a cloud deployment.,Key Vault access policy changed to allow unauthorized access or key rotation overdue,,V+D+E,Windows collector + validator (event-driven; schedule per org) · Policies / procedures / SSP governance (policy_review register) · Operational registers per cadence_hint in cmmc_l2_register_evidence_map,control_bin: control-bins.ts; os: os-evidence-nist-manifest.json; registers: cmmc_l2_register_evidence_map.v1.json; intel: control-intelligence.ts; titles: src/data/cmmc/nist_sp_800_171_control_titles.json + vault lineage
3.13.11,SC.L2-3.13.11,SC,System and Communications Protection,Employ FIPS-validated cryptography,5,System and Communications Protection,pure_technical,no,no,yes,STRONG,crypto/fips.txt,Collect-Cui-Evidence-v2.ps1 bundle paths; validate_windows_server_hardening.py for OS 73 manifest alignment,no,no,none,ssp_reference_primary,control_monitoring,yes,control_monitoring=Weekly/monthly attestations + automated checks,implemented,OS_collector,continuous,no,no,,"Examiner will check FIPS registry key value. Will verify no FIPS-prohibited algorithms are in use (MD5, SHA-1, DES, RC4).",FIPS registry key disabled or FIPS-prohibited algorithm found in use,,V+E,Windows collector + validator (event-driven; schedule per org) · Operational registers per cadence_hint in cmmc_l2_register_evidence_map,control_bin: control-bins.ts; os: os-evidence-nist-manifest.json; registers: cmmc_l2_register_evidence_map.v1.json; intel: control-intelligence.ts; titles: src/data/cmmc/nist_sp_800_171_control_titles.json + vault lineage
3.13.12,SC.L2-3.13.12,SC,System and Communications Protection,Prohibit remote activation of collaborative computing devices,1,System and Communications Protection,hybrid_technical,yes,no,yes,PARTIAL,network/rdp-policy.txt|network/rdp-tcp.txt,Collect-Cui-Evidence-v2.ps1 bundle paths; validate_windows_server_hardening.py for OS 73 manifest alignment,no,no,none,governance_package_heavy,control_monitoring,yes,control_monitoring=Weekly/monthly attestations + automated checks,not_applicable,Governance_manifest,one_time,no,no,,"Examiner will verify that no collaborative computing devices (Zoom Rooms, smart TVs, etc.) have access to CUI systems.",Collaborative device connected to CUI network,"No collaborative computing devices (smart TVs, video conferencing systems, interactive whiteboards) are within the CUI boundary. All CUI access is via managed Windows endpoints only.",V+D+E,Windows collector + validator (event-driven; schedule per org) · Policies / procedures / SSP governance (policy_review register) · Operational registers per cadence_hint in cmmc_l2_register_evidence_map,control_bin: control-bins.ts; os: os-evidence-nist-manifest.json; registers: cmmc_l2_register_evidence_map.v1.json; intel: control-intelligence.ts; titles: src/data/cmmc/nist_sp_800_171_control_titles.json + vault lineage
3.13.13,SC.L2-3.13.13,SC,System and Communications Protection,Control and monitor the use of mobile code,3,System and Communications Protection,hybrid_technical,yes,no,yes,PARTIAL,apps/applocker-policy.txt|defender/defender-preferences.txt,Collect-Cui-Evidence-v2.ps1 bundle paths; validate_windows_server_hardening.py for OS 73 manifest alignment,no,no,none,governance_package_heavy,control_monitoring,yes,control_monitoring=Weekly/monthly attestations + automated checks,implemented,OS_collector|Governance_manifest,annual,yes,no,,Examiner will ask about browser security settings. Will check if there are restrictions on what websites can run mobile code.,Browser policy changed to allow unrestricted script execution,,V+D+E,Windows collector + validator (event-driven; schedule per org) · Policies / procedures / SSP governance (policy_review register) · Operational registers per cadence_hint in cmmc_l2_register_evidence_map,control_bin: control-bins.ts; os: os-evidence-nist-manifest.json; registers: cmmc_l2_register_evidence_map.v1.json; intel: control-intelligence.ts; titles: src/data/cmmc/nist_sp_800_171_control_titles.json + vault lineage
3.13.14,SC.L2-3.13.14,SC,System and Communications Protection,Control and monitor the use of VoIP,3,System and Communications Protection,hybrid_governance,yes,yes,no,n/a,,Not in enclave OS manifest (37 controls) — use other lanes,no,no,none,governance_package_heavy,control_monitoring,yes,control_monitoring=Weekly/monthly attestations + automated checks,not_applicable,,na,no,no,,Examiner will verify VoIP is not in scope or that any VoIP used cannot carry CUI.,VoIP system deployed in CUI network without VoIP protection controls,No VoIP infrastructure within the CUI boundary. CUI is not transmitted via voice communications.,D+E,Policies / procedures / SSP governance (policy_review register) · Operational registers per cadence_hint in cmmc_l2_register_evidence_map,control_bin: control-bins.ts; registers: cmmc_l2_register_evidence_map.v1.json; intel: control-intelligence.ts; titles: src/data/cmmc/nist_sp_800_171_control_titles.json + vault lineage
3.13.15,SC.L2-3.13.15,SC,System and Communications Protection,Protect the authenticity of communications sessions,3,System and Communications Protection,hybrid_technical,yes,no,yes,PARTIAL,network/smb-signing.txt|crypto/fips.txt,Collect-Cui-Evidence-v2.ps1 bundle paths; validate_windows_server_hardening.py for OS 73 manifest alignment,no,no,none,governance_package_heavy,control_monitoring,yes,control_monitoring=Weekly/monthly attestations + automated checks,implemented,OS_collector,continuous,no,no,,Examiner will check SMB signing is set to Required (not just Enabled). Will verify TLS is configured for mutual authentication where applicable.,SMB signing changed from Required to just Enabled or disabled,,V+D+E,Windows collector + validator (event-driven; schedule per org) · Policies / procedures / SSP governance (policy_review register) · Operational registers per cadence_hint in cmmc_l2_register_evidence_map,control_bin: control-bins.ts; os: os-evidence-nist-manifest.json; registers: cmmc_l2_register_evidence_map.v1.json; intel: control-intelligence.ts; titles: src/data/cmmc/nist_sp_800_171_control_titles.json + vault lineage
3.13.16,SC.L2-3.13.16,SC,System and Communications Protection,Protect CUI at rest,5,System and Communications Protection,pure_technical,no,no,yes,STRONG,storage/bitlocker-status.txt,Collect-Cui-Evidence-v2.ps1 bundle paths; validate_windows_server_hardening.py for OS 73 manifest alignment,no,no,none,ssp_reference_primary,control_monitoring,yes,control_monitoring=Weekly/monthly attestations + automated checks,implemented,OS_collector,continuous,no,no,,Examiner will check BitLocker status on all drives. A single unencrypted drive is a finding. Will also check Azure storage encryption settings.,BitLocker protection suspended or a new volume found without BitLocker enabled,,V+E,Windows collector + validator (event-driven; schedule per org) · Operational registers per cadence_hint in cmmc_l2_register_evidence_map,control_bin: control-bins.ts; os: os-evidence-nist-manifest.json; registers: cmmc_l2_register_evidence_map.v1.json; intel: control-intelligence.ts; titles: src/data/cmmc/nist_sp_800_171_control_titles.json + vault lineage
3.14.1,SI.L2-3.14.1,SI,System and Information Integrity,"Identify, report, and correct system flaws in a timely manner",5,System and Information Integrity,pure_technical,no,no,yes,STRONG,host/hotfixes.txt|host/installed-software.txt|host/windows-update-policy.txt,Collect-Cui-Evidence-v2.ps1 bundle paths; validate_windows_server_hardening.py for OS 73 manifest alignment,no,no,none,ssp_reference_primary,vuln_remediation|control_monitoring,yes,vuln_remediation=Continuous + patch/vuln cycle; control_monitoring=Weekly/monthly attestations + automated checks,partial,OS_collector|Governance_manifest,monthly,yes,yes,vuln_remediation,"Examiner will check: when was the last patch cycle? Are there critical patches missing? What is the patching schedule? Will look for evidence of consistent patching, not just ad-hoc.",Critical security patch missing more than 30 days after release without documented exception,,V+E,Windows collector + validator (event-driven; schedule per org) · Operational registers per cadence_hint in cmmc_l2_register_evidence_map,control_bin: control-bins.ts; os: os-evidence-nist-manifest.json; registers: cmmc_l2_register_evidence_map.v1.json; intel: control-intelligence.ts; titles: src/data/cmmc/nist_sp_800_171_control_titles.json + vault lineage
3.14.2,SI.L2-3.14.2,SI,System and Information Integrity,Provide protection from malicious code at appropriate locations,3,System and Information Integrity,pure_technical,no,no,yes,STRONG,defender/defender-status.txt|defender/defender-preferences.txt,Collect-Cui-Evidence-v2.ps1 bundle paths; validate_windows_server_hardening.py for OS 73 manifest alignment,no,no,none,ssp_reference_primary,vuln_remediation|control_monitoring,yes,vuln_remediation=Continuous + patch/vuln cycle; control_monitoring=Weekly/monthly attestations + automated checks,implemented,OS_collector,continuous,no,no,,"Examiner will check Defender is enabled, real-time protection is on, and signatures are current. Outdated signatures (> 3 days) or disabled protection is a finding.","Defender disabled, real-time protection off, or signatures not updated in > 3 days",,V+E,Windows collector + validator (event-driven; schedule per org) · Operational registers per cadence_hint in cmmc_l2_register_evidence_map,control_bin: control-bins.ts; os: os-evidence-nist-manifest.json; registers: cmmc_l2_register_evidence_map.v1.json; intel: control-intelligence.ts; titles: src/data/cmmc/nist_sp_800_171_control_titles.json + vault lineage
3.14.3,SI.L2-3.14.3,SI,System and Information Integrity,Monitor system security alerts and advisories,3,System and Information Integrity,hybrid_technical,yes,no,yes,PARTIAL,defender/defender-status.txt|defender/defender-threat-detections.txt|audit/eventlog-security-sample.txt,Collect-Cui-Evidence-v2.ps1 bundle paths; validate_windows_server_hardening.py for OS 73 manifest alignment,no,no,none,governance_package_heavy,vuln_remediation|control_monitoring,yes,vuln_remediation=Continuous + patch/vuln cycle; control_monitoring=Weekly/monthly attestations + automated checks,implemented,OS_collector|Azure_Gov_FedRAMP_or_Entra,continuous,no,yes,audit_log_review,Examiner will ask: how do you receive and respond to security alerts? Will ask to see recent alert review records. A Defender alert with no response action is a finding.,Security alert review not performed in > 7 days or critical alert found with no response documented,,V+D+E,Windows collector + validator (event-driven; schedule per org) · Policies / procedures / SSP governance (policy_review register) · Operational registers per cadence_hint in cmmc_l2_register_evidence_map,control_bin: control-bins.ts; os: os-evidence-nist-manifest.json; registers: cmmc_l2_register_evidence_map.v1.json; intel: control-intelligence.ts; titles: src/data/cmmc/nist_sp_800_171_control_titles.json + vault lineage
3.14.4,SI.L2-3.14.4,SI,System and Information Integrity,Update malicious code protection mechanisms,5,System and Information Integrity,pure_technical,no,no,yes,STRONG,defender/defender-status.txt|defender/defender-scan-ages.txt,Collect-Cui-Evidence-v2.ps1 bundle paths; validate_windows_server_hardening.py for OS 73 manifest alignment,no,no,none,ssp_reference_primary,vuln_remediation|control_monitoring,yes,vuln_remediation=Continuous + patch/vuln cycle; control_monitoring=Weekly/monthly attestations + automated checks,implemented,OS_collector,continuous,no,no,,Examiner will check signature update date. Must be within 3 days. Will ask: how do you ensure signatures are always current?,Defender automatic updates disabled or signature age exceeds 3 days,,V+E,Windows collector + validator (event-driven; schedule per org) · Operational registers per cadence_hint in cmmc_l2_register_evidence_map,control_bin: control-bins.ts; os: os-evidence-nist-manifest.json; registers: cmmc_l2_register_evidence_map.v1.json; intel: control-intelligence.ts; titles: src/data/cmmc/nist_sp_800_171_control_titles.json + vault lineage
3.14.5,SI.L2-3.14.5,SI,System and Information Integrity,Perform periodic scans and real-time scans of files from external sources,5,System and Information Integrity,pure_technical,no,no,yes,STRONG,defender/defender-preferences.txt|defender/defender-scan-ages.txt,Collect-Cui-Evidence-v2.ps1 bundle paths; validate_windows_server_hardening.py for OS 73 manifest alignment,no,no,none,ssp_reference_primary,vuln_remediation|control_monitoring,yes,vuln_remediation=Continuous + patch/vuln cycle; control_monitoring=Weekly/monthly attestations + automated checks,implemented,OS_collector,continuous,no,no,,Examiner will check that real-time scanning is enabled and that periodic full scans are scheduled and occurring.,Scheduled scans disabled or real-time scanning turned off,,V+E,Windows collector + validator (event-driven; schedule per org) · Operational registers per cadence_hint in cmmc_l2_register_evidence_map,control_bin: control-bins.ts; os: os-evidence-nist-manifest.json; registers: cmmc_l2_register_evidence_map.v1.json; intel: control-intelligence.ts; titles: src/data/cmmc/nist_sp_800_171_control_titles.json + vault lineage
3.14.6,SI.L2-3.14.6,SI,System and Information Integrity,Monitor systems to detect attacks and indicators of potential attacks,3,System and Information Integrity,pure_technical,no,no,yes,STRONG,audit/auditpol.txt|defender/defender-status.txt|network/listening-ports.txt,Collect-Cui-Evidence-v2.ps1 bundle paths; validate_windows_server_hardening.py for OS 73 manifest alignment,no,no,none,ssp_reference_primary,vuln_remediation|control_monitoring,yes,vuln_remediation=Continuous + patch/vuln cycle; control_monitoring=Weekly/monthly attestations + automated checks,implemented,OS_collector|Azure_Gov_FedRAMP_or_Entra|Governance_manifest,continuous,yes,yes,control_monitoring,Examiner will ask: how do you know your security tools are working? Would you know if Defender was disabled on a machine? Show me your monitoring setup.,Security function monitoring alert disabled or monitoring gap exceeds 24 hours,,V+E,Windows collector + validator (event-driven; schedule per org) · Operational registers per cadence_hint in cmmc_l2_register_evidence_map,control_bin: control-bins.ts; os: os-evidence-nist-manifest.json; registers: cmmc_l2_register_evidence_map.v1.json; intel: control-intelligence.ts; titles: src/data/cmmc/nist_sp_800_171_control_titles.json + vault lineage
3.14.7,SI.L2-3.14.7,SI,System and Information Integrity,Identify unauthorized use of organizational systems,3,System and Information Integrity,hybrid_technical,yes,no,yes,PARTIAL,audit/eventlog-4625-failed-logons.txt|audit/eventlog-security-sample.txt|defender/defender-threat-detections.txt,Collect-Cui-Evidence-v2.ps1 bundle paths; validate_windows_server_hardening.py for OS 73 manifest alignment,no,no,none,governance_package_heavy,vuln_remediation|control_monitoring|incident_log,yes,vuln_remediation=Continuous + patch/vuln cycle; control_monitoring=Weekly/monthly attestations + automated checks; incident_log=Per incident + exercises/tests,implemented,OS_collector|Azure_Gov_FedRAMP_or_Entra,continuous,no,yes,audit_log_review,Examiner will ask: how would you know if someone was using the system in an unauthorized way? Will ask to see examples of unauthorized use detection.,Audit policy for logon failures disabled or UEBA features disabled,,V+D+E,Windows collector + validator (event-driven; schedule per org) · Policies / procedures / SSP governance (policy_review register) · Operational registers per cadence_hint in cmmc_l2_register_evidence_map,control_bin: control-bins.ts; os: os-evidence-nist-manifest.json; registers: cmmc_l2_register_evidence_map.v1.json; intel: control-intelligence.ts; titles: src/data/cmmc/nist_sp_800_171_control_titles.json + vault lineage
